source_study,series,compartment,control_origin,disease_stage,batch_control,clinical_confounding,preprocessing_risk,missing_metadata,source_overlap,overall_risk,ethics_committee,approval_identifier,consent,provenance,verification
GSE1009,GSE1009,glomerular,non-diabetic glomeruli; exact acquisition context incompletely reported,DKD; detailed stage unavailable in archived metadata,not reported,"age, sex, kidney function, medication, ancestry unavailable",legacy array; GEO-normalized values; two apparent donors per group after technical-replicate averaging,high,none identified,high,not located in accessible article/GEO record,not reported,not located in accessible article/GEO record,"Baelde et al., Am J Kidney Dis 2004; GEO GSE1009",author should verify original full text
GSE30122,GSE30528; GSE30529,glomerular; tubulointerstitial,living-donor kidney compartments,biopsy-characterized DKD,same GPL571 platform; no analysis-ready batch variable,common sample-level demographic/clinical covariates unavailable,GEO-normalized SOFT; probe-to-gene aggregation required,moderate-high,paired compartments from one source; counted once for source independence,moderate-high,Albert Einstein College of Medicine/Montefiore IRB,2002-202,consent reported for biopsy/allograft participants; original article describes anonymized nephrectomy material separately,"Woroniecka et al., Diabetes 2011; GEO GSE30528/GSE30529",reported in source publication
GSE96804,GSE96804,glomerular,unaffected glomeruli from tumor-nephrectomy tissue,biopsy-characterized DKD; mixed clinical stage,batch unavailable; sex-complete restricted permutation used,"sex available; age, batch, kidney function, medication and ancestry incomplete",project-frozen normalized gene matrix,moderate-high,none identified,moderate-high,not located in accessible article/GEO record,not reported,not located in accessible article/GEO record,"Pan et al., Diabetes 2018; GEO GSE96804",author should verify original full text/supplement
ERCB H7,GSE104948; GSE104954,glomerular; tubulointerstitial,living pre-transplant donor biopsies,H7 DKD stratum only,H7 restriction prevents cross-batch label permutations,demographic and treatment variables unavailable in analysis-ready metadata,custom-CDF microarray; GEO-normalized SOFT,moderate-high,paired compartments and related ERCB accessions; counted once; GSE99339/GSE99325 excluded,moderate-high,local ethics committees; umbrella Zurich cantonal internal-medicine subcommittee,not reported in accessible sources,written informed consent reported,ERCB/KPMP source publications; GEO GSE104948/GSE104954,committee identifier requires author/source confirmation
GSE111154,GSE111154,whole/cortical kidney,postmortem non-diabetic kidney,early DKD,not reported,four samples per group; covariates unavailable,GEO-normalized microarray; corrected platform parser,high,none identified,high,not located in accessible article/GEO record,not reported,not located; controls sourced through NDRI according to source descriptions,Sircar et al. 2018; GEO GSE111154,author should verify original full text
GSE142025,GSE142025,whole/cortical kidney,histologically normal nephrectomy tissue,advanced DKD subset used,not available in frozen matrix,sample-level covariates incomplete,project-frozen log2 quantile-normalized matrix,moderate-high,none identified,moderate-high,Shanghai Jiao Tong University Affiliated Sixth People's Hospital IRB,not reported in accessible article,written informed consent reported,"Fan et al., Diabetes 2019; GEO GSE142025",reported in source publication
GSE163603,GSE163603,laser-microdissected interstitium,tumor-free nephrectomy/deceased-donor interstitium,DKD,not available,sex available but all DKD samples male; residual confounding substantial,author counts transformed log2(CPM+0.5),moderate,none identified,high,Indiana University IRB,1906572234,consent status not explicit in the accessible article text reviewed,"Barwinska et al., Sci Adv 2021; GEO GSE163603",approval identifier reported; consent wording needs source confirmation
GSE166239,GSE166239,whole/cortical kidney,non-diseased renal tissue,type 2 DKD,not available,age and sex available; n=6 per group; other covariates incomplete,project-frozen logCPM matrix,moderate,none identified,moderate-high,"Regional Committee for Medical and Health Research Ethics, Western Norway",REK vest 2013/553,written informed consent reported,"Nordbø et al., Physiol Rep 2023; GEO GSE166239",reported in source publication
GSE199838,GSE199838,whole/cortical kidney,normal tissue from non-diabetic renal-cancer nephrectomy,renal-biopsy DKD,not reported,three samples per group; covariates unavailable,author count table transformed log2(CPM+0.5),high,none identified,high,not located in accessible article/GEO record,not reported,not located in accessible article/GEO record,Wang and Lv; PMID 36792603; GEO GSE199838,author should verify original full text
