gene_symbol,theme,candidate_source_row,discovery_effect,discovery_direction
C1S,COMPLEMENT_ACTIVATION,2,2.110712698412698,UP
VEGFA,HYPOXIA,3,-1.1819047619047591,DOWN
CFD,COMPLEMENT_ACTIVATION,4,2.377517142857143,UP
ITGAM,COMPLEMENT_ACTIVATION;LEUKOCYTE_ADHESION,5,1.3939604761904754,UP
LAMC1,ECM_REMODELING,6,0.6314222222222199,UP
TIMP1,ECM_REMODELING,7,2.2196136507936526,UP
C1QA,COMPLEMENT_ACTIVATION,8,1.9279320634920616,UP
CCR2,MACROPHAGE_RECRUITMENT,9,2.7199339682539687,UP
PECAM1,ENDOTHELIAL_ACTIVATION;LEUKOCYTE_ADHESION,10,0.6949984126984159,UP
ITGAL,LEUKOCYTE_ADHESION,11,1.8897322222222213,UP
FLT1,ENDOTHELIAL_ACTIVATION,12,-1.0446809523809524,DOWN
MMP7,ECM_REMODELING,13,2.5926546031746014,UP
CCR5,MACROPHAGE_RECRUITMENT,14,1.985889365079368,UP
CSF1R,MACROPHAGE_RECRUITMENT,15,1.4601444444444436,UP
LUM,FIBROSIS,16,1.6849095238095266,UP
F11,COAGULATION_CASCADE,17,-1.4153158730158708,DOWN
COL1A1,FIBROSIS,18,2.480869841269844,UP
COL1A2,FIBROSIS,19,1.8352396825396813,UP
F3,COAGULATION_CASCADE,20,-1.5384711111111145,DOWN
ADAMTS2,ECM_REMODELING,21,1.522271428571429,UP
CFH,COMPLEMENT_ACTIVATION,22,0.981965079365084,UP
MMP14,ECM_REMODELING,23,0.7373190476190512,UP
LOX,FIBROSIS,24,-0.6738923809523829,DOWN
VWF,COAGULATION_CASCADE;ENDOTHELIAL_ACTIVATION,25,1.7406793650793642,UP
VSIG4,COMPLEMENT_ACTIVATION,26,1.5531914285714308,UP
ITGB2,COMPLEMENT_ACTIVATION;LEUKOCYTE_ADHESION,27,1.3546474603174588,UP
C1QC,COMPLEMENT_ACTIVATION,28,1.806967301587301,UP
KDR,ENDOTHELIAL_ACTIVATION,29,-0.7350253968253995,DOWN
C3AR1,COMPLEMENT_ACTIVATION,30,1.078205714285712,UP
FN1,ECM_REMODELING,31,1.4050063492063476,UP
MMP2,ECM_REMODELING,32,1.2568952380952378,UP
COL4A1,ECM_REMODELING,33,1.0296904761904742,UP
PLG,COAGULATION_CASCADE,34,-1.548252380952384,DOWN
COL4A2,ECM_REMODELING,35,0.931736507936506,UP
C7,COMPLEMENT_ACTIVATION,36,1.2194698412698486,UP
C1QB,COMPLEMENT_ACTIVATION,37,1.7405238095238076,UP
FGF2,FIBROSIS,38,0.701214603174602,UP
EMCN,ENDOTHELIAL_ACTIVATION,39,-0.812092063492063,DOWN
F13A1,COAGULATION_CASCADE,40,1.0962555555555529,UP
C3,COMPLEMENT_ACTIVATION,41,2.5177228571428607,UP
CX3CR1,MACROPHAGE_RECRUITMENT,42,1.0105758730158758,UP
C5,COMPLEMENT_ACTIVATION,43,-0.4554511111111097,DOWN
CR1,COMPLEMENT_ACTIVATION,44,-0.5342890476190458,DOWN
BNIP3,HYPOXIA,45,-0.473546031746034,DOWN
ADAMTS5,ECM_REMODELING,46,0.6690539682539693,UP
SPARC,FIBROSIS,47,0.4893507936507912,UP
CSF1,MACROPHAGE_RECRUITMENT,48,0.605265238095237,UP
SERPINC1,COAGULATION_CASCADE,49,-1.353373968253968,DOWN
TGFB1,TGF_BETA_SIGNALING,50,0.6565365079365044,UP
LOXL2,FIBROSIS,51,0.7121525396825383,UP
VCAM1,ENDOTHELIAL_ACTIVATION;LEUKOCYTE_ADHESION,52,0.6075920634920653,UP
EDN1,ENDOTHELIAL_ACTIVATION,53,0.6143500000000017,UP
PDK1,HYPOXIA,54,0.5725866666666661,UP
F5,COAGULATION_CASCADE,55,-0.6648861904761887,DOWN
LDHA,HYPOXIA,56,0.3947095238095208,UP
F8,COAGULATION_CASCADE,57,-0.3513460317460328,DOWN
PLAT,COAGULATION_CASCADE,58,-0.5150619047619056,DOWN
CXCL1,MACROPHAGE_RECRUITMENT,59,1.3262525396825389,UP
CTGF,FIBROSIS;TGF_BETA_SIGNALING,60,-0.671090476190475,DOWN
C6,COMPLEMENT_ACTIVATION,61,1.011917301587303,UP
ACTA2,FIBROSIS,62,0.5296793650793656,UP
COL3A1,FIBROSIS,63,2.3042539682539704,UP
C1R,COMPLEMENT_ACTIVATION,64,1.8381126984126968,UP
ACKR1,ENDOTHELIAL_ACTIVATION,65,3.1900001587301583,UP
DCN,FIBROSIS,66,0.9945523809523866,UP
SELL,LEUKOCYTE_ADHESION,67,1.9189315873015875,UP
CFP,COMPLEMENT_ACTIVATION,68,1.6016323809523785,UP
F7,COAGULATION_CASCADE,69,-1.264169365079364,DOWN
CCL5,MACROPHAGE_RECRUITMENT,70,1.6818199999999992,UP
TIMP2,ECM_REMODELING,71,0.7123841269841265,UP
SERPING1,COMPLEMENT_ACTIVATION,72,0.8131063492063504,UP
JAM3,LEUKOCYTE_ADHESION,73,0.366449365079367,UP
MMP9,ECM_REMODELING,74,2.3506906349206336,UP
ENO1,HYPOXIA,75,0.3301619047619031,UP
SMAD2,TGF_BETA_SIGNALING,76,0.1691650793650811,UP
ARNT,HYPOXIA,77,0.1605841269841263,UP
PDGFRB,FIBROSIS,78,0.6180746031746072,UP
CFI,COMPLEMENT_ACTIVATION,79,-0.4321015873015863,DOWN
PROS1,COAGULATION_CASCADE,80,-0.3407650793650791,DOWN
CCL18,MACROPHAGE_RECRUITMENT,81,2.250272539682539,UP
F10,COAGULATION_CASCADE,82,-0.3631498412698404,DOWN
SELP,ENDOTHELIAL_ACTIVATION;LEUKOCYTE_ADHESION,83,0.373211904761904,UP
MMP3,ECM_REMODELING,84,-0.7220930158730132,DOWN
PGK1,HYPOXIA,85,-0.1454507936507934,DOWN
TGFBR2,TGF_BETA_SIGNALING,86,0.2543428571428539,UP
TEK,ENDOTHELIAL_ACTIVATION,87,-0.2606174603174622,DOWN
ANGPTL4,HYPOXIA,88,-0.5660819047619032,DOWN
LAMB1,ECM_REMODELING,89,0.2248412698412689,UP
RAMP2,ENDOTHELIAL_ACTIVATION,90,0.2781401587301602,UP
ADAMTS4,ECM_REMODELING,91,-1.5953874603174576,DOWN
CXCL3,MACROPHAGE_RECRUITMENT,92,-1.0383774603174611,DOWN
CFB,COMPLEMENT_ACTIVATION,93,-2.4519027142857155,DOWN
SPP1,ECM_REMODELING;MACROPHAGE_RECRUITMENT,94,0.5852888888888881,UP
CXCL10,MACROPHAGE_RECRUITMENT,95,0.55992142857143,UP
CCL2,MACROPHAGE_RECRUITMENT,96,0.7872736507936509,UP
CXCL2,MACROPHAGE_RECRUITMENT,97,-1.1681768253968263,DOWN
FGG,COAGULATION_CASCADE,98,1.6069989523809525,UP
TGFB2,TGF_BETA_SIGNALING,99,0.2833420634920625,UP
SMAD4,TGF_BETA_SIGNALING,100,0.050995238095238,UP
TFPI,COAGULATION_CASCADE,101,-0.4691174603174612,DOWN
PROC,COAGULATION_CASCADE,102,-0.3360730158730138,DOWN
SMAD7,TGF_BETA_SIGNALING,103,-0.1676111111111087,DOWN
TGFB3,TGF_BETA_SIGNALING,104,0.2715834920634936,UP
THBD,COAGULATION_CASCADE,105,-0.3471914285714277,DOWN
ROBO4,ENDOTHELIAL_ACTIVATION,106,-0.2013047619047601,DOWN
CCL8,MACROPHAGE_RECRUITMENT,107,-0.5699487301587309,DOWN
PLAU,COAGULATION_CASCADE,108,0.3605836507936484,UP
PLVAP,ENDOTHELIAL_ACTIVATION,109,-0.2500206349206362,DOWN
ICAM1,ENDOTHELIAL_ACTIVATION;LEUKOCYTE_ADHESION,110,0.3727888888888877,UP
SKI,TGF_BETA_SIGNALING,111,0.1597777777777764,UP
ID1,TGF_BETA_SIGNALING,112,0.215634920634919,UP
SERPINE1,COAGULATION_CASCADE;TGF_BETA_SIGNALING,113,-0.5866057142857137,DOWN
THBS1,ECM_REMODELING,114,0.2225111111111104,UP
HIF1A,HYPOXIA,115,0.1942825396825398,UP
SLC2A1,HYPOXIA,116,-0.2053406349206383,DOWN
ENG,ENDOTHELIAL_ACTIVATION,117,0.1506587301587245,UP
C8G,COMPLEMENT_ACTIVATION,118,0.1844695238095255,UP
CD34,LEUKOCYTE_ADHESION,119,-0.0872571428571404,DOWN
FGA,COAGULATION_CASCADE,120,0.5353295238095237,UP
FGB,COAGULATION_CASCADE,121,0.9007577777777804,UP
CXCL8,MACROPHAGE_RECRUITMENT,122,-0.3442109523809531,DOWN
ESAM,ENDOTHELIAL_ACTIVATION;LEUKOCYTE_ADHESION,123,0.0685492063492034,UP
C5AR1,COMPLEMENT_ACTIVATION,124,-0.1034257142857164,DOWN
CXCL9,MACROPHAGE_RECRUITMENT,125,0.2196579365079367,UP
TGFBR1,TGF_BETA_SIGNALING,126,0.0582746031746044,UP
CCL20,MACROPHAGE_RECRUITMENT,127,-0.4022404126984122,DOWN
SELE,ENDOTHELIAL_ACTIVATION;LEUKOCYTE_ADHESION,128,-0.3037438095238105,DOWN
PDGFB,FIBROSIS,129,-0.0800793650793671,DOWN
LGALS3,MACROPHAGE_RECRUITMENT,130,0.0455079365079349,UP
ANGPT2,ENDOTHELIAL_ACTIVATION,131,0.0546585714285701,UP
SKIL,TGF_BETA_SIGNALING,132,-0.0499222222222233,DOWN
EPAS1,HYPOXIA,133,0.0396349206349206,UP
F12,COAGULATION_CASCADE,134,-0.0444265079365067,DOWN
SMAD3,TGF_BETA_SIGNALING,135,0.01093492063492,UP
PDGFA,FIBROSIS,136,-0.0050841269841264,DOWN
C2,COMPLEMENT_ACTIVATION,137,,ZERO
C4A,COMPLEMENT_ACTIVATION,138,,ZERO
C4B,COMPLEMENT_ACTIVATION,139,,ZERO
C8A,COMPLEMENT_ACTIVATION,140,,ZERO
C8B,COMPLEMENT_ACTIVATION,141,,ZERO
C9,COMPLEMENT_ACTIVATION,142,,ZERO
CA9,HYPOXIA,143,,ZERO
CCL7,MACROPHAGE_RECRUITMENT,144,,ZERO
CXCL11,MACROPHAGE_RECRUITMENT,145,,ZERO
F2,COAGULATION_CASCADE,146,,ZERO
