gene_symbol,mapping_status,n_samples,n_dkd,n_control,n_male,n_female,unadjusted_mean_difference,unadjusted_welch_p,sex_adjusted_disease_beta,sex_adjusted_disease_se,sex_adjusted_disease_p,direction_changed_after_sex_adjustment,sex_adjusted_fdr_bh_145
C1S,MAPPED,61.0,41.0,20.0,43.0,18.0,0.39806421951219395,5.282111765400734e-05,0.3981850288350636,0.1228700649648242,0.0019769918145271857,False,0.0051623271721179765
VEGFA,MAPPED,61.0,41.0,20.0,43.0,18.0,-0.4988434146341447,0.0006696944147819238,-0.4994095213379457,0.18458405476428627,0.008937695256613113,False,0.018253039608576077
CFD,MAPPED,61.0,41.0,20.0,43.0,18.0,0.06457224390243965,0.28181360480226947,0.06438355824682838,0.06494684751511794,0.3256437691595223,False,0.42925769571027944
ITGAM,MAPPED,61.0,41.0,20.0,43.0,18.0,0.13789748780487798,0.17521253424932307,0.13823325836216896,0.11487105206971482,0.23371907866226493,False,0.32275491815265156
LAMC1,MAPPED,61.0,41.0,20.0,43.0,18.0,0.6324238414634156,6.279012076398832e-07,0.6311205305651683,0.14897452796567112,8.226704772343973e-05,False,0.0005186400834738591
TIMP1,MAPPED,61.0,41.0,20.0,43.0,18.0,0.28274093902438935,0.021204341975137837,0.28153375432526,0.13751009223465702,0.04516052295738437,False,0.07889488950386425
C1QA,MAPPED,61.0,41.0,20.0,43.0,18.0,0.42674606097560996,0.000235673340210994,0.42755932525951595,0.1121433862555416,0.00033534333601435967,False,0.0012467893262072345
CCR2,MAPPED,61.0,41.0,20.0,43.0,18.0,0.4639533902439026,0.0010245681064495588,0.4641889100346025,0.17593551743422187,0.010677482541087246,False,0.021503263450800707
PECAM1,MAPPED,61.0,41.0,20.0,43.0,18.0,0.5666079268292687,0.0001911063347284425,0.5672501153402549,0.16575603303756326,0.0011448506619752528,False,0.0031923720382002244
ITGAL,MAPPED,61.0,41.0,20.0,43.0,18.0,0.11639621951219414,0.29116040724787695,0.11701651095732496,0.1088870143980762,0.28697747705222554,False,0.3817590291061716
FLT1,MAPPED,61.0,41.0,20.0,43.0,18.0,-0.689686341463414,0.0001439416689039885,-0.6888454094579,0.21475199830931185,0.0021799832391634225,False,0.005545571397871865
MMP7,MAPPED,61.0,41.0,20.0,43.0,18.0,2.294778341463415,2.8842658954760176e-05,2.295321153402539,0.6415922779338941,0.0007082314148406779,False,0.0022820790033755175
CCR5,MAPPED,61.0,41.0,20.0,43.0,18.0,0.17529814634146312,0.023950618707731408,0.17563997693194983,0.07607151732691003,0.024533294641985698,False,0.04446659653859908
CSF1R,MAPPED,61.0,41.0,20.0,43.0,18.0,0.50053943902439,0.00048151974342836224,0.5000102710495973,0.15680129266403578,0.0023040861693745013,False,0.005760215423436253
LUM,MAPPED,61.0,41.0,20.0,43.0,18.0,3.033962268292682,1.913044390395625e-09,3.032650559400232,0.5389151933178231,5.559874094822546e-07,False,1.1516882053560989e-05
F11,MAPPED,61.0,41.0,20.0,43.0,18.0,-0.6660634024390246,2.3917736565888724e-05,-0.665852716262976,0.15570344196297117,7.18042983059323e-05,False,0.0004957915835409612
COL1A1,MAPPED,61.0,41.0,20.0,43.0,18.0,0.8202243292682923,6.761791235983259e-09,0.8190199480968876,0.16162394393894403,4.3988083823320965e-06,False,5.7027207961586646e-05
COL1A2,MAPPED,61.0,41.0,20.0,43.0,18.0,1.5684545487804877,5.814996717482246e-09,1.5672986159169566,0.3090713212070368,4.342358326021919e-06,False,5.7027207961586646e-05
F3,MAPPED,61.0,41.0,20.0,43.0,18.0,-0.7411217073170739,5.5996697892028744e-05,-0.7407943137254904,0.22879163000747868,0.001993726356128322,False,0.0051623271721179765
ADAMTS2,MAPPED,61.0,41.0,20.0,43.0,18.0,0.21725682926829126,3.450090906627739e-06,0.21683685121107338,0.05413731685719672,0.0001785526145406267,False,0.000827826384002246
CFH,MAPPED,61.0,41.0,20.0,43.0,18.0,1.1430474634146304,0.00015188371209980326,1.1436408304498282,0.324558656961984,0.0008376230027131954,False,0.0025841560722002837
MMP14,MAPPED,61.0,41.0,20.0,43.0,18.0,0.7382563048780497,0.00014509595297842792,0.7361813148788938,0.24213246478243128,0.0035423558960566404,False,0.008284542014971176
LOX,MAPPED,61.0,41.0,20.0,43.0,18.0,-1.7840439024390236,1.4932671227865354e-11,-1.7812357612456744,0.27521935222339305,2.2445674759235775e-08,False,8.136557100222969e-07
VWF,MAPPED,61.0,41.0,20.0,43.0,18.0,0.47219881707317146,2.6443124654240545e-07,0.47233503460207676,0.10918196750134786,6.0585451413245004e-05,False,0.00043924452274602625
VSIG4,MAPPED,61.0,41.0,20.0,43.0,18.0,1.2643568292682934,1.984410043330709e-06,1.2643586735870826,0.32209386923050937,0.00023228400814522034,False,0.0009906229759134397
ITGB2,MAPPED,61.0,41.0,20.0,43.0,18.0,0.10904215853658616,0.21699041899982324,0.10884540945790118,0.08941876616740489,0.22843696037141578,False,0.3184938389793778
C1QC,MAPPED,61.0,41.0,20.0,43.0,18.0,1.5662532195121956,0.0001812403490138145,1.5670963610149955,0.4337144849757996,0.0006332972517846489,False,0.002087002307017593
KDR,MAPPED,61.0,41.0,20.0,43.0,18.0,-1.179335,1.362057637348364e-06,-1.178077474048443,0.27671007723367314,7.659719712199784e-05,False,0.0005048451628495311
C3AR1,MAPPED,61.0,41.0,20.0,43.0,18.0,0.5925024999999993,0.03339939067265436,0.5927506228373708,0.29450038095866155,0.04879311176319312,False,0.08422620482932146
FN1,MAPPED,61.0,41.0,20.0,43.0,18.0,3.9115869390243905,1.844776360245044e-12,3.9084407727797017,0.5774543010690983,7.1709864524153475e-09,False,5.198965178001127e-07
MMP2,MAPPED,61.0,41.0,20.0,43.0,18.0,1.4290135000000008,9.245807340109311e-10,1.427354307958479,0.26077559826460894,9.872554101809716e-07,False,1.789400430953011e-05
COL4A1,MAPPED,61.0,41.0,20.0,43.0,18.0,0.7121019390243895,7.884170747306825e-05,0.71212220876586,0.21616874895991536,0.0016853840951417556,False,0.004525568403621381
PLG,MAPPED,61.0,41.0,20.0,43.0,18.0,-1.249418731707319,2.8041086939239206e-05,-1.2480783679354093,0.31214580891220206,0.00018269271922808185,False,0.000827826384002246
COL4A2,MAPPED,61.0,41.0,20.0,43.0,18.0,0.5152114268292678,7.023607633677125e-06,0.5148201903114191,0.13236482405103672,0.00026133388968325094,False,0.0010826689715448968
C7,MAPPED,61.0,41.0,20.0,43.0,18.0,1.9749616829268302,1.5593480672216698e-05,1.9753005997693218,0.5133013191123504,0.0002988099894474692,False,0.001140196012365343
C1QB,MAPPED,61.0,41.0,20.0,43.0,18.0,0.4324259634146328,0.019972167477868067,0.4338200980392164,0.17947695988850182,0.018808245212613237,False,0.03496404558755025
FGF2,MAPPED,61.0,41.0,20.0,43.0,18.0,0.2980810243902443,2.2477858182124737e-05,0.29783476931949365,0.07340667186863459,0.00015023996656642782,False,0.0007736087864635583
EMCN,MAPPED,61.0,41.0,20.0,43.0,18.0,-0.5348602439024379,1.632082463203671e-05,-0.5340559400230682,0.15367605641888835,0.0009730457310442821,False,0.002766502568655312
F13A1,MAPPED,61.0,41.0,20.0,43.0,18.0,0.12842632926829278,0.6293760739690801,0.12847506920415205,0.2837628608933355,0.6524142321772972,False,0.7629037392395814
C3,MAPPED,61.0,41.0,20.0,43.0,18.0,1.9642729024390233,6.079416597962803e-06,1.9642141637831623,0.5347571364773339,0.000524163801745964,False,0.0017675290989108087
CX3CR1,MAPPED,61.0,41.0,20.0,43.0,18.0,0.3199789756097555,0.05068987573107415,0.3206314763552483,0.15105733132843502,0.038069305500080405,False,0.06731767435989829
C5,MAPPED,61.0,41.0,20.0,43.0,18.0,-0.1264744024390252,0.12216995894781096,-0.12444679354094548,0.07869656122503262,0.11923655403130899,False,0.18792717754934568
CR1,MAPPED,61.0,41.0,20.0,43.0,18.0,-1.544674634146343,1.6748274369763713e-07,-1.5438400922722024,0.34714595961450084,3.991237282474406e-05,False,0.00030459442418883623
BNIP3,MAPPED,61.0,41.0,20.0,43.0,18.0,-0.7761152560975582,3.788331364714215e-09,-0.7760195617070356,0.12131266781483557,2.9957175638283194e-08,False,8.687580935102126e-07
ADAMTS5,MAPPED,61.0,41.0,20.0,43.0,18.0,1.046792609756098,7.445475749275702e-06,1.0475398154555946,0.2114922186223045,6.656724529583134e-06,False,7.386901744383343e-05
SPARC,MAPPED,61.0,41.0,20.0,43.0,18.0,0.0334743902439083,0.6307531680978988,0.0326820645905439,0.07527540135135373,0.6657783452265751,False,0.7723028804628271
CSF1,MAPPED,61.0,41.0,20.0,43.0,18.0,0.24889117073170652,0.0004981459183963619,0.2488428546712804,0.06680863277132772,0.0004447644676267618,False,0.0016122711951470116
SERPINC1,MAPPED,61.0,41.0,20.0,43.0,18.0,-0.258082219512195,0.019432317876951186,-0.25741438292964214,0.08513022008375874,0.0037145775280334335,False,0.0085494244692833
TGFB1,MAPPED,61.0,41.0,20.0,43.0,18.0,0.2640785000000001,0.04205997484640054,0.26269960784313806,0.1457929626629499,0.07676398800136137,False,0.12942765418834185
LOXL2,MAPPED,61.0,41.0,20.0,43.0,18.0,0.19573217073170834,1.1277768408243129e-06,0.19574287773933155,0.04763478518656664,0.00012632741244817294,False,0.0007045182617301952
VCAM1,MAPPED,61.0,41.0,20.0,43.0,18.0,0.8612474390243907,0.005420353411324728,0.8629273587081909,0.351270495972094,0.01704035600749679,False,0.03208898209203941
EDN1,MAPPED,61.0,41.0,20.0,43.0,18.0,0.5722381219512194,2.695216055191235e-06,0.5724379411764714,0.13736746881633907,0.00010397570678631758,False,0.000628186561834002
PDK1,MAPPED,61.0,41.0,20.0,43.0,18.0,0.14108358536585452,0.005212834095605344,0.1408951211072672,0.04686565592487856,0.003903162951948548,False,0.00884310356300843
F5,MAPPED,61.0,41.0,20.0,43.0,18.0,-0.401186719512193,0.0478676977588429,-0.4003369261822372,0.232464260296649,0.09037279501285182,False,0.14723657614453386
LDHA,MAPPED,61.0,41.0,20.0,43.0,18.0,0.2195915487804907,0.0006730159751241463,0.219448846597464,0.06909982039420712,0.0023936044106953854,False,0.005882587111031032
F8,MAPPED,61.0,41.0,20.0,43.0,18.0,-0.0885099268292695,0.6359505287183269,-0.089230761245674,0.21264672856174616,0.6763135514377214,False,0.778297340940235
PLAT,MAPPED,61.0,41.0,20.0,43.0,18.0,-0.5186780487804885,0.0023284056664313792,-0.519313656286043,0.182592263671646,0.006142034384284819,False,0.01329246247345222
CXCL1,MAPPED,61.0,41.0,20.0,43.0,18.0,0.04496445121951265,0.7980671498115581,0.043675830449827854,0.21697311869729757,0.8411713909195454,False,0.9203774023110917
CTGF,MAPPED,61.0,41.0,20.0,43.0,18.0,-0.41113792682926764,0.015566759527220054,-0.41204054209919194,0.16234461678211243,0.013855046571413735,False,0.027148402065607993
C6,MAPPED,61.0,41.0,20.0,43.0,18.0,0.03559948780487776,0.4409726630930647,0.03549603806228446,0.0579984275272639,0.5429182056476534,False,0.6572344805301621
ACTA2,MAPPED,61.0,41.0,20.0,43.0,18.0,0.8158646219512189,2.518080321625725e-05,0.817330132641293,0.23074623418853818,0.0007909849731821952,False,0.002493322198074311
COL3A1,NOT_MAPPED,,,,,,,,,,,,1.0
C1R,MAPPED,61.0,41.0,20.0,43.0,18.0,-0.08853435365853457,0.4434464729004338,-0.0881058592848905,0.1316648094454613,0.5060434196499697,False,0.6218330156715729
ACKR1,NOT_MAPPED,,,,,,,,,,,,1.0
DCN,MAPPED,61.0,41.0,20.0,43.0,18.0,-0.5339970731707346,2.0651610603294906e-07,-0.5337933679354092,0.11931961216870252,3.641748959618246e-05,False,0.00029336311063591427
SELL,MAPPED,61.0,41.0,20.0,43.0,18.0,-1.088595402439025,3.767160622151122e-05,-1.087384780853518,0.20442297702922868,1.7481128956531326e-06,False,2.8164041096633803e-05
CFP,MAPPED,61.0,41.0,20.0,43.0,18.0,-0.11592799999999936,0.06550856775047452,-0.11556400230680458,0.04984562302079492,0.023971648288211602,False,0.04399859495937573
F7,MAPPED,61.0,41.0,20.0,43.0,18.0,0.017673085365853325,0.5510818131224452,0.01777724913494808,0.02911935281654497,0.5439181907835824,False,0.6572344805301621
CCL5,MAPPED,61.0,41.0,20.0,43.0,18.0,-0.23386697560975644,0.27125208976745213,-0.23412970011533962,0.17540404159296022,0.18715726652300937,False,0.2713780364583636
TIMP2,NOT_MAPPED,,,,,,,,,,,,1.0
SERPING1,MAPPED,61.0,41.0,20.0,43.0,18.0,-0.3391376829268289,0.002663141849161678,-0.3389020761245662,0.11590427796476803,0.004922590540739556,False,0.01098116351395747
JAM3,MAPPED,61.0,41.0,20.0,43.0,18.0,-0.06824471951219557,0.43859079626124264,-0.06759558823529316,0.0865298626303489,0.4378723959496028,False,0.5569429597604597
MMP9,MAPPED,61.0,41.0,20.0,43.0,18.0,-0.006050975609755316,0.9312158348272375,-0.0057894348327562906,0.06706837737107375,0.9315082573867103,False,0.9859029001538174
ENO1,MAPPED,61.0,41.0,20.0,43.0,18.0,-0.030493256097560817,0.7643312974104468,-0.031035928489042217,0.1182290686550022,0.7938609566841239,False,0.8787010589251754
SMAD2,MAPPED,61.0,41.0,20.0,43.0,18.0,-0.026168853658537827,0.6568774042319374,-0.025836424452132994,0.05632538267860936,0.6481642782213128,False,0.7629037392395814
ARNT,MAPPED,61.0,41.0,20.0,43.0,18.0,-0.2682293902439046,0.00019344243548357934,-0.2676853344867359,0.07683002268224427,0.0009466625861476695,False,0.0027664644214364553
PDGFRB,NOT_MAPPED,,,,,,,,,,,,1.0
CFI,MAPPED,61.0,41.0,20.0,43.0,18.0,0.0927560975609758,0.7159963698800222,0.0940414705882362,0.276405889326753,0.7349127846951804,False,0.839073651817332
PROS1,MAPPED,61.0,41.0,20.0,43.0,18.0,0.46843979268292735,8.473857638881003e-06,0.46721878892733715,0.11648446820932196,0.00017522415596598682,False,0.000827826384002246
CCL18,NOT_MAPPED,,,,,,,,,,,,1.0
F10,MAPPED,61.0,41.0,20.0,43.0,18.0,0.15408446341463433,0.0002438597581522731,0.15437826412918135,0.04434072116457027,0.0009539532487711916,False,0.0027664644214364553
SELP,MAPPED,61.0,41.0,20.0,43.0,18.0,-0.2999483536585359,0.13826057056028096,-0.3032217993079583,0.17900765691823392,0.09564782993170115,False,0.1540992815566296
MMP3,MAPPED,61.0,41.0,20.0,43.0,18.0,0.382388792682927,0.0005427292952640841,0.3831611764705889,0.13770208557295557,0.007266686786472741,False,0.015495140941743346
PGK1,NOT_MAPPED,,,,,,,,,,,,1.0
TGFBR2,MAPPED,61.0,41.0,20.0,43.0,18.0,-0.9572942682926797,3.743315915599689e-08,-0.9572573817762388,0.19558961826044563,8.22917099484423e-06,False,7.95486529501609e-05
TEK,MAPPED,61.0,41.0,20.0,43.0,18.0,0.3479689024390247,0.03761000760200529,0.34703084198385487,0.18759541149748776,0.06942600774732216,False,0.11843260145131428
ANGPTL4,MAPPED,61.0,41.0,20.0,43.0,18.0,-0.4279552317073163,2.0931528070768946e-05,-0.428679527104959,0.09171658369529724,1.8046063886186363e-05,False,0.00015392230961747193
LAMB1,MAPPED,61.0,41.0,20.0,43.0,18.0,0.4894605365853657,0.004528813367622261,0.4910612110726653,0.1981588414275005,0.01614005115671691,False,0.030793518654262525
RAMP2,MAPPED,61.0,41.0,20.0,43.0,18.0,-0.576100000000002,7.3421492888908386e-06,-0.5764251384083042,0.14238020628489056,0.00015472175729271166,False,0.0007736087864635583
ADAMTS4,MAPPED,61.0,41.0,20.0,43.0,18.0,-0.009063353658537388,0.7554490445624715,-0.009279786620529924,0.030784108737693147,0.7641515802667365,False,0.8553590655131933
CXCL3,MAPPED,61.0,41.0,20.0,43.0,18.0,-0.03487628048780511,0.3819230214567242,-0.03537029988465945,0.03798604723202981,0.3556412522052045,False,0.4645764105383302
CFB,MAPPED,61.0,41.0,20.0,43.0,18.0,0.49402718292682835,0.0030538821127816416,0.4953057900807391,0.19120502522575364,0.012102627552063264,False,0.024039465685605114
SPP1,MAPPED,61.0,41.0,20.0,43.0,18.0,0.19898926829268504,0.5458354377370981,0.19958044982699144,0.3571665752172155,0.5784574516563381,False,0.6879870923006136
CXCL10,MAPPED,61.0,41.0,20.0,43.0,18.0,0.6525447560975604,0.129164752783618,0.6513168512110739,0.45831690980923717,0.16064043103916953,False,0.24263398438207898
CCL2,MAPPED,61.0,41.0,20.0,43.0,18.0,1.4915324146341504,0.00012862293439065936,1.4897249480968882,0.3849046880633215,0.0002780552524801965,False,0.0011060338041174234
CXCL2,MAPPED,61.0,41.0,20.0,43.0,18.0,-0.29564449999999987,0.06050069052181207,-0.2970729065743939,0.11745873103252986,0.014174405359593066,False,0.02740385036187993
FGG,MAPPED,61.0,41.0,20.0,43.0,18.0,0.06714969512195079,0.3773887039040127,0.0669868339100349,0.08185111354938027,0.41647943229034545,False,0.5344205104610628
TGFB2,MAPPED,61.0,41.0,20.0,43.0,18.0,1.0721081463414626,1.1881588622955877e-07,1.0718862687427921,0.22823685367698965,1.667004080983771e-05,False,0.00015107224483915425
SMAD4,MAPPED,61.0,41.0,20.0,43.0,18.0,-0.04330521951219701,0.38294794680358835,-0.042507485582466864,0.05769425446692521,0.46423116634656625,False,0.5815655318501527
TFPI,MAPPED,61.0,41.0,20.0,43.0,18.0,-0.13477048780487877,0.1685396696559843,-0.13506372549019569,0.09774696727565713,0.17234198198372888,False,0.25499578966980296
PROC,MAPPED,61.0,41.0,20.0,43.0,18.0,-0.36826620731707305,0.0009219953717191436,-0.368397237600923,0.09529662904853027,0.0002822293155334115,False,0.0011060338041174234
SMAD7,MAPPED,61.0,41.0,20.0,43.0,18.0,0.015341292682926166,0.7806050374004033,0.015203235294118128,0.05104137920851648,0.7668736449428629,False,0.8553590655131933
TGFB3,MAPPED,61.0,41.0,20.0,43.0,18.0,0.6330378048780476,1.1086989966998556e-08,0.632670149942331,0.12532888481711388,4.719493072683033e-06,False,5.7027207961586646e-05
THBD,MAPPED,61.0,41.0,20.0,43.0,18.0,0.6595641219512194,3.873782969928947e-08,0.658946216839678,0.13355317644767037,7.1321809945770196e-06,False,7.386901744383343e-05
ROBO4,MAPPED,61.0,41.0,20.0,43.0,18.0,-0.3549501585365844,0.006871298435029739,-0.35569700692041456,0.12917064373559156,0.007856064233876204,False,0.016273275913029277
CCL8,MAPPED,61.0,41.0,20.0,43.0,18.0,0.4383733048780485,1.6479859737733838e-05,0.43749646482122306,0.1110201536222217,0.00022094224749203429,False,0.0009708068450407566
PLAU,MAPPED,61.0,41.0,20.0,43.0,18.0,0.46615252439024335,0.00013441787638976738,0.4651155767012689,0.13770409569009437,0.0013111331394476428,False,0.003587062362639778
PLVAP,MAPPED,61.0,41.0,20.0,43.0,18.0,1.0562009024390244,0.00012712108610343366,1.0552685697808548,0.3011267719118626,0.0008891871486125228,False,0.002686086178100329
ICAM1,MAPPED,61.0,41.0,20.0,43.0,18.0,-0.06624226829268309,0.5264966805569761,-0.06688495963091065,0.09540422982450787,0.4860631977883947,False,0.6023860143531387
SKI,MAPPED,61.0,41.0,20.0,43.0,18.0,0.05269992682926805,0.21944677556465003,0.05270689158016191,0.04305761595944918,0.22586315960587525,False,0.3184938389793778
ID1,MAPPED,61.0,41.0,20.0,43.0,18.0,-0.7497760975609769,0.0004544707529444547,-0.7465238004613608,0.1838592237751833,0.00014875875770790806,False,0.0007736087864635583
SERPINE1,MAPPED,61.0,41.0,20.0,43.0,18.0,0.6102463780487799,0.003339060931040115,0.6062976470588239,0.21859585086205963,0.0074448168500364535,False,0.015644904974714286
THBS1,MAPPED,61.0,41.0,20.0,43.0,18.0,-0.4345421951219528,0.0007461384023429586,-0.43478662053056427,0.1417562361991934,0.003281103088727055,False,0.007799343407629885
HIF1A,MAPPED,61.0,41.0,20.0,43.0,18.0,0.595301341463415,1.3949254243581805e-05,0.5945445790080748,0.16039907559623778,0.00047112719951331505,False,0.0016594334640048331
SLC2A1,MAPPED,61.0,41.0,20.0,43.0,18.0,-0.12197875609756181,0.34551170731175707,-0.12229188581314879,0.10020473628608886,0.2272443388283626,False,0.3184938389793778
ENG,MAPPED,61.0,41.0,20.0,43.0,18.0,-0.1143625609756107,0.24400962686250594,-0.11444734717416355,0.10377701598194815,0.27466041085290244,False,0.37220336050159675
C8G,MAPPED,61.0,41.0,20.0,43.0,18.0,0.08087642682926877,0.0017106052315351658,0.08086945213379518,0.02590336873302574,0.0028007098987671043,False,0.006768382255353836
CD34,MAPPED,61.0,41.0,20.0,43.0,18.0,0.2005325609756099,0.07511857423977807,0.19967508650519197,0.12887623261494915,0.12673608892955146,False,0.19759927843854797
FGA,MAPPED,61.0,41.0,20.0,43.0,18.0,0.22395117073170745,0.38429833766101296,0.22514529411764725,0.306286560885751,0.46525242548012213,False,0.5815655318501527
FGB,MAPPED,61.0,41.0,20.0,43.0,18.0,0.3085051097560978,0.5691767277857729,0.3074482929642456,0.5507877708193566,0.5788581052460335,False,0.6879870923006136
CXCL8,NOT_MAPPED,,,,,,,,,,,,1.0
ESAM,MAPPED,61.0,41.0,20.0,43.0,18.0,0.13640651219512367,0.08632612435685862,0.13574823529411884,0.07772292949747517,0.08600672129944364,False,0.14334453549907275
C5AR1,MAPPED,61.0,41.0,20.0,43.0,18.0,-0.8165532195121941,0.0028146073265045294,-0.8155444117647057,0.197630334565797,0.00011918063044055537,False,0.0006912476565552211
CXCL9,MAPPED,61.0,41.0,20.0,43.0,18.0,-0.7626858536585353,0.15359233303835704,-0.7679540657439441,0.5071967329317562,0.13542753900249213,False,0.20670519110906693
TGFBR1,MAPPED,61.0,41.0,20.0,43.0,18.0,0.3103218902439018,1.4309234293009523e-05,0.3097820761245687,0.08371661651902919,0.00048066348612553787,False,0.0016594334640048331
CCL20,MAPPED,61.0,41.0,20.0,43.0,18.0,0.03561214634146381,0.8693752184647159,0.03392130911188061,0.2289973710376497,0.8827542091431834,False,0.9501890944039455
SELE,MAPPED,61.0,41.0,20.0,43.0,18.0,0.2582101585365857,0.0955349472261864,0.2570359630911191,0.16035510812144277,0.11438551694289611,False,0.1822626368870323
PDGFB,MAPPED,61.0,41.0,20.0,43.0,18.0,0.44897626829268233,8.387608745968721e-09,0.4494293598615921,0.07911576582637796,4.552183853215765e-07,False,1.1001110978604765e-05
LGALS3,MAPPED,61.0,41.0,20.0,43.0,18.0,0.24513443902438858,0.015407076926538648,0.24517745098039423,0.10987894927951661,0.02953836019008683,False,0.052877311451390005
ANGPT2,MAPPED,61.0,41.0,20.0,43.0,18.0,1.042473158536585,2.500983726413488e-11,1.0440601211072673,0.16066246034962417,2.0279707622916943e-08,False,8.136557100222969e-07
SKIL,MAPPED,61.0,41.0,20.0,43.0,18.0,0.6708363414634135,2.7813785053497353e-11,0.6697573817762414,0.07345593335719662,8.480360231556798e-13,False,1.2296522335757356e-10
EPAS1,MAPPED,61.0,41.0,20.0,43.0,18.0,-0.3536609756097562,0.0017392925164559838,-0.3527076124567467,0.12252343786731464,0.005583295598826233,False,0.012266331239845512
F12,MAPPED,61.0,41.0,20.0,43.0,18.0,-0.0035377439024393276,0.8801923986080984,-0.0037132410611303637,0.025484502028567134,0.8846588120312595,False,0.9501890944039455
SMAD3,MAPPED,61.0,41.0,20.0,43.0,18.0,0.0066155731707331356,0.8953781030632992,0.007100467128028323,0.05474022434055355,0.8972430473476207,False,0.956619425480919
PDGFA,MAPPED,61.0,41.0,20.0,43.0,18.0,-0.048115597560974166,0.2222941448667046,-0.048294054209919404,0.04237395916469051,0.25909181377838186,False,0.3544180471496733
C2,MAPPED,61.0,41.0,20.0,43.0,18.0,0.2087254756097554,0.19359830340314574,0.21009585928489072,0.15146282373368325,0.17071529712534908,False,0.25499578966980296
C4A,NOT_MAPPED,,,,,,,,,,,,1.0
C4B,MAPPED,61.0,41.0,20.0,43.0,18.0,0.13112160975609788,0.30081262160943234,0.13102303921568662,0.11992080651160972,0.27909586158962807,False,0.37471203639348216
C8A,MAPPED,61.0,41.0,20.0,43.0,18.0,0.005164024390243327,0.8374418917680546,0.005098166089965609,0.025827170272116277,0.8442082379818979,False,0.9203774023110917
C8B,MAPPED,61.0,41.0,20.0,43.0,18.0,-0.02125919512195118,0.39901363970577053,-0.021372871972317964,0.025093605243944155,0.3978693950608708,False,0.515098770391306
C9,MAPPED,61.0,41.0,20.0,43.0,18.0,-0.014967999999999204,0.7634703599857005,-0.014765801614763298,0.04569970611264211,0.7477777824523953,False,0.8470920191843541
CA9,MAPPED,61.0,41.0,20.0,43.0,18.0,-0.07881276829268247,0.1797161376543968,-0.07916088235294107,0.04577021761059702,0.08903378121842298,False,0.14670338950762876
CCL7,MAPPED,61.0,41.0,20.0,43.0,18.0,0.10326041463414626,0.11073303250076737,0.10275087658592905,0.07622749184938425,0.1829156693587335,False,0.26790678845471066
CXCL11,MAPPED,61.0,41.0,20.0,43.0,18.0,0.2915740853658546,0.08573261444280458,0.29187741637831643,0.192418388964654,0.13472651816600067,False,0.20670519110906693
F2,MAPPED,61.0,41.0,20.0,43.0,18.0,0.027850756097560936,0.22165854033045473,0.027409567474048553,0.022168058942452256,0.22127716830392383,False,0.3176751426145441
