path,sha256_before,sha256_after,unchanged
scripts/stage21_m18_remediation/run_m18_remediation.py,adc39738a8681e6b4be518fb1fcfef83a5893aa4f8ac5579b7427fd2a978a02a,adc39738a8681e6b4be518fb1fcfef83a5893aa4f8ac5579b7427fd2a978a02a,True
scripts/stage21_m8_validation/run_m8_analysis.py,809d0d3bdd68371539cc2d02f42c7f8a4afe666e0738b45851d5a4fc800444da,809d0d3bdd68371539cc2d02f42c7f8a4afe666e0738b45851d5a4fc800444da,True
config/phase3_focus_gene_sets.gmt,a8147e1ae289a077c56089692edc3eab8b75df3d1dc6d63471e7944d620a87af,a8147e1ae289a077c56089692edc3eab8b75df3d1dc6d63471e7944d620a87af,True
tables/phase3/core_candidate_gene_table.csv,142335a74a5f1c9138cf25b729acc0a4b48d46ae42f465d8ce386de5d258c004,142335a74a5f1c9138cf25b729acc0a4b48d46ae42f465d8ce386de5d258c004,True
data_processed/GSE142025/expression_matrix_clean.csv,3823d53d74781ab00b31174b90e83b9cdfe1d2f4c0e1163678aa9e3e8d460192,3823d53d74781ab00b31174b90e83b9cdfe1d2f4c0e1163678aa9e3e8d460192,True
data_processed/GSE142025/sample_annotation_clean.csv,b2437c78c8a15ecaae5769cccf716916e5d7d4302f8c79dfbc43b6d2336e87fd,b2437c78c8a15ecaae5769cccf716916e5d7d4302f8c79dfbc43b6d2336e87fd,True
data_processed/GSE96804/expression_matrix_clean.csv,14d69167fab233fac7c7bdd911237cf38d98cb0c2b4434fe57b95dff9708400a,14d69167fab233fac7c7bdd911237cf38d98cb0c2b4434fe57b95dff9708400a,True
data_processed/GSE96804/sample_annotation_clean.csv,8aec2085d17fe33dd8e8e7ddf11f2836a8d0ad24cd35c7ba5f39d9aaa3a2b9ea,8aec2085d17fe33dd8e8e7ddf11f2836a8d0ad24cd35c7ba5f39d9aaa3a2b9ea,True
data_raw/geo_soft/GSE30528/GSE30528_family.soft.gz,1054d29350e7e72ba9ed985dd133da4e776918b0367afb0de31117d9460b189c,1054d29350e7e72ba9ed985dd133da4e776918b0367afb0de31117d9460b189c,True
data_raw/geo_soft/GSE30528/samples.csv,4f38320740c9095b906085408ddd7e29b51241919fe5319d0c9d5804b55a58ab,4f38320740c9095b906085408ddd7e29b51241919fe5319d0c9d5804b55a58ab,True
data_raw/geo_soft/GSE30529/GSE30529_family.soft.gz,57314f2f0ad6fbe52544b0e1770937041d57ee2c949a9d8e08231920eb54b48f,57314f2f0ad6fbe52544b0e1770937041d57ee2c949a9d8e08231920eb54b48f,True
data_raw/geo_soft/GSE30529/samples.csv,ef6e5826882eb2a753d57be244c3a4a5ef23c8162750dcae2bc7a35bfded77bf,ef6e5826882eb2a753d57be244c3a4a5ef23c8162750dcae2bc7a35bfded77bf,True
