gene_symbol,focused_pathways,analysis_family,primary_estimand,included_studies,complete_three_study_mapping,discovery_direction,pooled_direction,direction_matches_discovery,k,pooled_effect,tau2_reml,hk_scale,pooled_se_hk,pooled_se_modified_hk,ci_95_low_hk,ci_95_high_hk,ci_95_low_modified_hk,ci_95_high_modified_hk,p_value_hk,p_value_modified_hk,prediction_interval_95_low,prediction_interval_95_high,prediction_interval_95_low_modified_hk,prediction_interval_95_high_modified_hk,cochran_q,i2_percent,p_value_for_145_family,fdr_bh_145_family,fdr_lt_0_05,model,inference_df,prediction_interval_df
C1S,COMPLEMENT_ACTIVATION,analysis_defined_145_gene_focused_universe,three-study synthesis with GSE30122 represented by glomerular GSE30528,GSE142025_C1;GSE96804;GSE30528,True,UP,UP,True,3.0,1.584914686836851,2.395687658342402,1.0370096485889428,0.950808359201905,0.950808359201905,-2.5060834953011355,5.675912868974837,-2.5060834953011355,5.675912868974837,0.23746000486110003,0.23746000486110003,-21.4960878882215,24.6659172618952,-21.4960878882215,24.6659172618952,17.656784352923264,88.67290917743537,0.23746000486110003,0.4861768554710769,False,REML random effects with modified Hartung-Knapp primary t inference,2.0,1.0
VEGFA,HYPOXIA,analysis_defined_145_gene_focused_universe,three-study synthesis with GSE30122 represented by glomerular GSE30528,GSE142025_C1;GSE96804;GSE30528,True,DOWN,DOWN,True,3.0,-1.7187141446213838,0.8681281606734229,0.9546715447337365,0.5866696791000208,0.6004359046086679,-4.242950040831047,0.80552175158828,-4.302181328593441,0.8647530393506735,0.09943854715056644,0.1034520736813314,-15.708871467668116,12.271443178425349,-15.802849662660144,12.365421373417377,12.10165955118935,83.47334106086764,0.1034520736813314,0.38381123608567475,False,REML random effects with modified Hartung-Knapp primary t inference,2.0,1.0
CFD,COMPLEMENT_ACTIVATION,analysis_defined_145_gene_focused_universe,three-study synthesis with GSE30122 represented by glomerular GSE30528,GSE142025_C1;GSE96804;GSE30528,True,UP,UP,True,3.0,1.5449723872459278,2.585458628244825,1.0206431210367242,0.977656501749174,0.977656501749174,-2.661544028710336,5.751488803202191,-2.661544028710336,5.751488803202191,0.254823731143461,0.254823731143461,-22.365900020579854,25.45584479507171,-22.365900020579854,25.45584479507171,22.72600225121949,91.1995080441714,0.254823731143461,0.4861768554710769,False,REML random effects with modified Hartung-Knapp primary t inference,2.0,1.0
ITGAM,COMPLEMENT_ACTIVATION;LEUKOCYTE_ADHESION,analysis_defined_145_gene_focused_universe,three-study synthesis with GSE30122 represented by glomerular GSE30528,GSE142025_C1;GSE96804;GSE30528,True,UP,UP,True,3.0,1.345031374693648,1.1405811364068736,0.9945097418563357,0.6649267848215122,0.6667596452894973,-1.5159176710667108,4.205980420454007,-1.5238038331624388,4.213866582549735,0.1804322954348907,0.18117400041478662,-14.640105256485985,17.33016800587328,-14.652426353764174,17.34248910315147,15.145982486502584,86.79517818152563,0.18117400041478662,0.4378371676690677,False,REML random effects with modified Hartung-Knapp primary t inference,2.0,1.0
LAMC1,ECM_REMODELING,analysis_defined_145_gene_focused_universe,three-study synthesis with GSE30122 represented by glomerular GSE30528,GSE142025_C1;GSE96804;GSE30528,True,UP,UP,True,3.0,1.4632475982676554,0.36081045871585743,1.0912013978929878,0.4433607362069588,0.4433607362069588,-0.44437968361330715,3.3708748801486177,-0.44437968361330715,3.3708748801486177,0.08083237585653479,0.08083237585653479,-8.02292950003163,10.94942469656694,-8.02292950003163,10.94942469656694,5.589079442550067,64.21593179059408,0.08083237585653479,0.38381123608567475,False,REML random effects with modified Hartung-Knapp primary t inference,2.0,1.0
TIMP1,ECM_REMODELING,analysis_defined_145_gene_focused_universe,three-study synthesis with GSE30122 represented by glomerular GSE30528,GSE142025_C1;GSE96804;GSE30528,True,UP,UP,True,3.0,0.8878454369047476,2.961673355703242,1.0222720399197074,1.0372931169422124,1.0372931169422124,-3.5752666242016815,5.3509574980111765,-3.5752666242016815,5.3509574980111765,0.48221771020631965,0.48221771020631965,-24.64388223540502,26.419573109214515,-24.64388223540502,26.419573109214515,24.731586428530644,91.91317546175372,0.48221771020631965,0.7529520984391582,False,REML random effects with modified Hartung-Knapp primary t inference,2.0,1.0
C1QA,COMPLEMENT_ACTIVATION,analysis_defined_145_gene_focused_universe,three-study synthesis with GSE30122 represented by glomerular GSE30528,GSE142025_C1;GSE96804;GSE30528,True,UP,UP,True,3.0,2.2897412173349294,1.3059700980775806,0.9466156503244526,0.7068593418585836,0.7265176371803943,-0.7516290594241233,5.331111494093982,-0.8362118774516856,5.415694312121545,0.08353256668640424,0.08764175493328093,-14.784014147743411,19.36349658241327,-14.91672132270312,19.496203757372978,14.842541734515653,86.52521895660841,0.08764175493328093,0.38381123608567475,False,REML random effects with modified Hartung-Knapp primary t inference,2.0,1.0
CCR2,MACROPHAGE_RECRUITMENT,analysis_defined_145_gene_focused_universe,three-study synthesis with GSE30122 represented by glomerular GSE30528,GSE142025_C1;GSE96804;GSE30528,True,UP,UP,True,3.0,1.701490689087979,1.3025845576024577,1.0143914455451124,0.7166881771856795,0.7166881771856795,-1.3821696528209368,4.785151030996895,-1.3821696528209368,4.785151030996895,0.14087539275697175,0.14087539275697175,-15.422337157134098,18.825318535310057,-15.422337157134098,18.825318535310057,14.143948358387012,85.85967687859912,0.14087539275697175,0.38824154143590667,False,REML random effects with modified Hartung-Knapp primary t inference,2.0,1.0
PECAM1,ENDOTHELIAL_ACTIVATION;LEUKOCYTE_ADHESION,analysis_defined_145_gene_focused_universe,three-study synthesis with GSE30122 represented by glomerular GSE30528,GSE142025_C1;GSE96804;GSE30528,True,UP,UP,True,3.0,1.1470442372383192,2.2508348741555126,1.0275081378038609,0.9149871574975175,0.9149871574975175,-2.7898277536052882,5.083916228081926,-2.7898277536052882,5.083916228081926,0.3366597776781346,0.3366597776781346,-21.181327420542665,23.475415895019303,-21.181327420542665,23.475415895019303,19.872991899429906,89.93609009593884,0.3366597776781346,0.5881405754618014,False,REML random effects with modified Hartung-Knapp primary t inference,2.0,1.0
ITGAL,LEUKOCYTE_ADHESION,analysis_defined_145_gene_focused_universe,three-study synthesis with GSE30122 represented by glomerular GSE30528,GSE142025_C1;GSE96804;GSE30528,True,UP,UP,True,3.0,1.2822252143625221,0.903513115180041,0.9686127869551575,0.5933588903585355,0.6028959338404136,-1.2707920349281043,3.835242463653149,-1.311826621098638,3.876277049823682,0.16325707172100365,0.16729291262519225,-12.955460686801203,15.519911115526249,-13.0199988445188,15.584449273243846,13.742229368435726,85.44632063416316,0.16729291262519225,0.41823228156298065,False,REML random effects with modified Hartung-Knapp primary t inference,2.0,1.0
FLT1,ENDOTHELIAL_ACTIVATION,analysis_defined_145_gene_focused_universe,three-study synthesis with GSE30122 represented by glomerular GSE30528,GSE142025_C1;GSE96804;GSE30528,True,DOWN,DOWN,True,3.0,-1.6329771545337814,0.5383622656805083,0.9483003005423252,0.4828173544368364,0.49580388780816154,-3.7103725625461053,0.44441825347854214,-3.766249105805527,0.5002947967379645,0.07740514092530287,0.08112518289457453,-12.793299510848083,9.52734520178052,-12.8848488467084,9.618894537640836,8.262099824465578,75.79307872706117,0.08112518289457453,0.38381123608567475,False,REML random effects with modified Hartung-Knapp primary t inference,2.0,1.0
MMP7,ECM_REMODELING,analysis_defined_145_gene_focused_universe,three-study synthesis with GSE30122 represented by glomerular GSE30528,GSE142025_C1;GSE96804;GSE30528,True,UP,UP,True,3.0,1.6743741118812816,0.5291432912323373,0.9776255712748521,0.4875520758094748,0.4930996945401522,-0.4233931579693755,3.772141381731939,-0.4472626348442381,3.7960108586068015,0.07533251664773695,0.07686287794588015,-9.45244812694528,12.801196350707842,-9.491846996384286,12.840595220146849,7.752079689384898,74.20047161358976,0.07686287794588015,0.38381123608567475,False,REML random effects with modified Hartung-Knapp primary t inference,2.0,1.0
CCR5,MACROPHAGE_RECRUITMENT,analysis_defined_145_gene_focused_universe,three-study synthesis with GSE30122 represented by glomerular GSE30528,GSE142025_C1;GSE96804;GSE30528,True,UP,UP,True,3.0,1.5861966722158654,0.8777220268543807,0.9681449159527868,0.590845907139343,0.600487604392289,-0.9560080829670223,4.128401427398753,-0.9974929579713137,4.169886302403045,0.1152523998729926,0.1183973265865202,-12.487443212802237,15.659836557233966,-12.553174042577012,15.725567387008745,12.314125733165692,83.75848969437277,0.1183973265865202,0.38381123608567475,False,REML random effects with modified Hartung-Knapp primary t inference,2.0,1.0
CSF1R,MACROPHAGE_RECRUITMENT,analysis_defined_145_gene_focused_universe,three-study synthesis with GSE30122 represented by glomerular GSE30528,GSE142025_C1;GSE96804;GSE30528,True,UP,UP,True,3.0,1.7376258560336941,0.6277727596405774,0.9251632651479369,0.5083626469907124,0.5285236703024055,-0.44968207471645094,3.924933786783839,-0.5364279567019747,4.0116796687693626,0.07596734053877706,0.08138189569893536,-10.223802140601393,13.699053852668783,-10.364058837937822,13.839310550005209,9.437222999413736,78.80732499248725,0.08138189569893536,0.38381123608567475,False,REML random effects with modified Hartung-Knapp primary t inference,2.0,1.0
LUM,FIBROSIS,analysis_defined_145_gene_focused_universe,three-study synthesis with GSE30122 represented by glomerular GSE30528,GSE142025_C1;GSE96804;GSE30528,True,UP,UP,True,3.0,2.173217448215366,0.5698162594484629,1.0206789229665016,0.5233740696682126,0.5233740696682126,-0.07867942129474814,4.42511431772548,-0.07867942129474814,4.42511431772548,0.05339581511269701,0.05339581511269701,-9.498084713622909,13.844519610053641,-9.498084713622909,13.844519610053641,6.839881977343954,70.75972938385942,0.05339581511269701,0.38381123608567475,False,REML random effects with modified Hartung-Knapp primary t inference,2.0,1.0
F11,COAGULATION_CASCADE,analysis_defined_145_gene_focused_universe,three-study synthesis with GSE30122 represented by glomerular GSE30528,GSE142025_C1;GSE96804;GSE30528,True,DOWN,DOWN,True,3.0,-1.2268777412864555,0.48588871045437465,1.0766172593917893,0.4847940554030302,0.4847940554030302,-3.312778207106766,0.8590227245338549,-3.312778207106766,0.8590227245338549,0.1270547540145682,0.1270547540145682,-12.01529101288542,9.561535530312508,-12.01529101288542,9.561535530312508,6.848797986564618,70.79779540988905,0.1270547540145682,0.38381123608567475,False,REML random effects with modified Hartung-Knapp primary t inference,2.0,1.0
COL1A1,FIBROSIS,analysis_defined_145_gene_focused_universe,three-study synthesis with GSE30122 represented by glomerular GSE30528,GSE142025_C1;GSE96804;GSE30528,True,UP,UP,True,3.0,1.8411449795067905,0.16913667133301202,0.8591118430947998,0.32343556397675566,0.3489497720043021,0.44951406728139154,3.2327758917321896,0.33973529046563367,3.3425546685479475,0.029501441122253946,0.034094661884692165,-4.806850566590707,8.489140525604288,-5.011995925776172,8.694285884789753,3.5601850970922593,43.82314555404781,0.034094661884692165,0.38381123608567475,False,REML random effects with modified Hartung-Knapp primary t inference,2.0,1.0
COL1A2,FIBROSIS,analysis_defined_145_gene_focused_universe,three-study synthesis with GSE30122 represented by glomerular GSE30528,GSE142025_C1;GSE96804;GSE30528,True,UP,UP,True,3.0,2.088915756707351,0.47654779577963724,0.9360701969813368,0.46910594038688813,0.4848604089416331,0.07051580178503114,4.107315711629671,0.0027297946530455697,4.175101718761656,0.0469110199708524,0.04987901365226193,-8.516071074263412,12.693902587678114,-8.629861218404235,12.807692731818937,6.672878775287606,70.02792846459587,0.04987901365226193,0.38381123608567475,False,REML random effects with modified Hartung-Knapp primary t inference,2.0,1.0
F3,COAGULATION_CASCADE,analysis_defined_145_gene_focused_universe,three-study synthesis with GSE30122 represented by glomerular GSE30528,GSE142025_C1;GSE96804;GSE30528,True,DOWN,DOWN,True,3.0,-1.727384822893882,0.572502720081675,0.9160340611105998,0.4885720078651721,0.5104729923419525,-3.8295405061880894,0.3747708604003257,-3.9237728368301417,0.469003191042378,0.07152168373780558,0.07733590329271522,-13.171474328904562,9.716704683116799,-13.324784104851343,9.87001445906358,8.799561823264607,77.27159556158438,0.07733590329271522,0.38381123608567475,False,REML random effects with modified Hartung-Knapp primary t inference,2.0,1.0
ADAMTS2,ECM_REMODELING,analysis_defined_145_gene_focused_universe,three-study synthesis with GSE30122 represented by glomerular GSE30528,GSE142025_C1;GSE96804;GSE30528,True,UP,UP,True,3.0,1.465965134694773,0.32684994438982995,1.0722698335248964,0.425423460111383,0.425423460111383,-0.36448427723024657,3.2964145466197925,-0.36448427723024657,3.2964145466197925,0.07487970552444027,0.07487970552444027,-7.588800025947538,10.520730295337085,-7.588800025947538,10.520730295337085,5.396096963273814,62.93617380095039,0.07487970552444027,0.38381123608567475,False,REML random effects with modified Hartung-Knapp primary t inference,2.0,1.0
CFH,COMPLEMENT_ACTIVATION,analysis_defined_145_gene_focused_universe,three-study synthesis with GSE30122 represented by glomerular GSE30528,GSE142025_C1;GSE96804;GSE30528,True,UP,UP,True,3.0,0.791341251230752,1.6391307136058817,1.0240808469987568,0.7863668291216817,0.7863668291216817,-2.5921221326321513,4.174804635093655,-2.5921221326321513,4.174804635093655,0.4202226083352655,0.4202226083352655,-18.29971975228601,19.88240225474751,-18.29971975228601,19.88240225474751,17.73441744225969,88.72249394990466,0.4202226083352655,0.7003710138921092,False,REML random effects with modified Hartung-Knapp primary t inference,2.0,1.0
MMP14,ECM_REMODELING,analysis_defined_145_gene_focused_universe,three-study synthesis with GSE30122 represented by glomerular GSE30528,GSE142025_C1;GSE96804;GSE30528,True,UP,UP,True,3.0,1.1693590388843325,0.2926874748903986,1.0713046462234677,0.40406344844533326,0.40406344844533326,-0.569185660539417,2.907903738308082,-0.569185660539417,2.907903738308082,0.10153845607157987,0.10153845607157987,-7.410432160425502,9.749150238194167,-7.410432160425502,9.749150238194167,5.324786340892784,62.43980749724,0.10153845607157987,0.38381123608567475,False,REML random effects with modified Hartung-Knapp primary t inference,2.0,1.0
LOX,FIBROSIS,analysis_defined_145_gene_focused_universe,three-study synthesis with GSE30122 represented by glomerular GSE30528,GSE142025_C1;GSE96804;GSE30528,True,DOWN,DOWN,True,3.0,-1.4137850727187962,0.7191278168657056,1.026181686773847,0.5535363451202815,0.5535363451202815,-3.795459739036601,0.9678895935990086,-3.795459739036601,0.9678895935990086,0.1251559808500486,0.1251559808500486,-14.281164208265306,11.453594062827715,-14.281164208265306,11.453594062827715,9.61498745510164,79.19914082738802,0.1251559808500486,0.38381123608567475,False,REML random effects with modified Hartung-Knapp primary t inference,2.0,1.0
VWF,COAGULATION_CASCADE;ENDOTHELIAL_ACTIVATION,analysis_defined_145_gene_focused_universe,three-study synthesis with GSE30122 represented by glomerular GSE30528,GSE142025_C1;GSE96804;GSE30528,True,UP,UP,True,3.0,1.5440181745669501,0.10297903247770812,0.8988239772880833,0.28744426279085744,0.30319101029385187,0.30724533263437226,2.7807910164995278,0.23949254650677743,2.848543802627123,0.032954294554557735,0.036463248251244404,-3.930030082240544,7.018066431374445,-4.065506023326986,7.153542372460887,2.985487985809646,33.009276556924,0.036463248251244404,0.38381123608567475,False,REML random effects with modified Hartung-Knapp primary t inference,2.0,1.0
VSIG4,COMPLEMENT_ACTIVATION,analysis_defined_145_gene_focused_universe,three-study synthesis with GSE30122 represented by glomerular GSE30528,GSE142025_C1;GSE96804;GSE30528,True,UP,UP,True,3.0,2.0041101452765395,0.7526229788767463,0.9322364308579459,0.5533058642164723,0.5730628268192919,-0.3765728417513481,4.384793132304427,-0.4615801908248742,4.469800481377954,0.06848550060861225,0.07293189742934032,-11.070138375222164,15.078358665775244,-11.206823562924233,15.215043853477313,10.114971617656218,80.22732959023934,0.07293189742934032,0.38381123608567475,False,REML random effects with modified Hartung-Knapp primary t inference,2.0,1.0
ITGB2,COMPLEMENT_ACTIVATION;LEUKOCYTE_ADHESION,analysis_defined_145_gene_focused_universe,three-study synthesis with GSE30122 represented by glomerular GSE30528,GSE142025_C1;GSE96804;GSE30528,True,UP,UP,True,3.0,1.2831352717405609,0.7085644638835401,0.9367637630992641,0.5284482251872958,0.545993411835069,-0.9905939268646389,3.5568644703457606,-1.0660847720877085,3.63235531556883,0.1358821938750655,0.14317657519972782,-11.345464331504813,13.911734874985934,-11.465394935007224,14.031665478488344,11.821362046988607,83.08147578891315,0.14317657519972782,0.38824154143590667,False,REML random effects with modified Hartung-Knapp primary t inference,2.0,1.0
C1QC,COMPLEMENT_ACTIVATION,analysis_defined_145_gene_focused_universe,three-study synthesis with GSE30122 represented by glomerular GSE30528,GSE142025_C1;GSE96804,False,UP,UP,True,2.0,1.7366945462414394,1.1575696743824524,1.0000000001497917,0.8173634092797901,0.8173634092797901,-8.648892276135715,12.122281368618594,-8.648892276135715,12.122281368618594,0.2800411110496675,0.2800411110496675,,,,,7.203072997352857,86.11703643198531,1.0,1.0,False,REML random effects with modified Hartung-Knapp primary t inference,,
KDR,ENDOTHELIAL_ACTIVATION,analysis_defined_145_gene_focused_universe,three-study synthesis with GSE30122 represented by glomerular GSE30528,GSE142025_C1;GSE96804;GSE30528,True,DOWN,DOWN,True,3.0,-1.415217364434426,0.04485640373123675,0.9767847082808776,0.2578786291156341,0.26092514099216024,-2.524779551929108,-0.305655176939744,-2.537887634570695,-0.29254709429815695,0.031636325953627684,0.032352128805723634,-5.655317886031197,2.824883157162345,-5.685302513762246,2.8548677848933943,2.4716742597595878,19.08318856731008,0.032352128805723634,0.38381123608567475,False,REML random effects with modified Hartung-Knapp primary t inference,2.0,1.0
C3AR1,COMPLEMENT_ACTIVATION,analysis_defined_145_gene_focused_universe,three-study synthesis with GSE30122 represented by glomerular GSE30528,GSE142025_C1;GSE96804;GSE30528,True,UP,UP,True,3.0,1.5208191315961013,0.841603633565378,0.9567358733079759,0.5763378304401933,0.5892249091898075,-0.9589624077745487,4.000600670966751,-1.0144110323343856,4.056049295526588,0.11860212376644463,0.12301558633299631,-12.245161472257733,15.286799735449934,-12.332962963639252,15.374601226831453,12.42974653743406,83.90956731115395,0.12301558633299631,0.38381123608567475,False,REML random effects with modified Hartung-Knapp primary t inference,2.0,1.0
FN1,ECM_REMODELING,analysis_defined_145_gene_focused_universe,three-study synthesis with GSE30122 represented by glomerular GSE30528,GSE142025_C1;GSE96804;GSE30528,True,UP,UP,True,3.0,1.486305575539331,0.4403150588848297,1.0272177859635643,0.4588295632980394,0.4588295632980394,-0.4878786974502669,3.460489848528929,-0.4878786974502669,3.460489848528929,0.08353144697936209,0.08353144697936209,-8.764378354128274,11.736989505206937,-8.764378354128274,11.736989505206937,6.861193888539223,70.85055410923815,0.08353144697936209,0.38381123608567475,False,REML random effects with modified Hartung-Knapp primary t inference,2.0,1.0
MMP2,ECM_REMODELING,analysis_defined_145_gene_focused_universe,three-study synthesis with GSE30122 represented by glomerular GSE30528,GSE142025_C1;GSE96804;GSE30528,True,UP,UP,True,3.0,1.8721507636196808,0.14810579051968134,0.9621211917978818,0.33168573995502004,0.3381519608846954,0.44502220920092905,3.2992793180384323,0.41720030606704306,3.3271012211723185,0.02998402842078521,0.03110997676879643,-4.583316809886795,8.327618337126157,-4.637253413962158,8.38155494120152,3.4181840755554047,41.489400342635754,0.03110997676879643,0.38381123608567475,False,REML random effects with modified Hartung-Knapp primary t inference,2.0,1.0
COL4A1,ECM_REMODELING,analysis_defined_145_gene_focused_universe,three-study synthesis with GSE30122 represented by glomerular GSE30528,GSE142025_C1;GSE96804;GSE30528,True,UP,UP,True,3.0,0.9295872518837789,0.28854520687167834,1.0995472887153177,0.4026388633943369,0.4026388633943369,-0.8028279527816169,2.6620024565491747,-0.8028279527816169,2.6620024565491747,0.14726403295844737,0.14726403295844737,-7.600273205030854,9.459447708798413,-7.600273205030854,9.459447708798413,5.331733980313029,62.4887511757933,0.14726403295844737,0.38824154143590667,False,REML random effects with modified Hartung-Knapp primary t inference,2.0,1.0
PLG,COAGULATION_CASCADE,analysis_defined_145_gene_focused_universe,three-study synthesis with GSE30122 represented by glomerular GSE30528,GSE142025_C1;GSE96804;GSE30528,True,DOWN,DOWN,True,3.0,-0.9651857096737662,0.29552054724976184,1.0811289307545746,0.40244738059864094,0.40244738059864094,-2.6967770303655705,0.7664056110180384,-2.6967770303655705,0.7664056110180384,0.13860850336292732,0.13860850336292732,-9.55935715628407,7.628985736936538,-9.55935715628407,7.628985736936538,5.477520550909853,63.48712923280979,0.13860850336292732,0.38824154143590667,False,REML random effects with modified Hartung-Knapp primary t inference,2.0,1.0
COL4A2,ECM_REMODELING,analysis_defined_145_gene_focused_universe,three-study synthesis with GSE30122 represented by glomerular GSE30528,GSE142025_C1;GSE96804;GSE30528,True,UP,UP,True,3.0,0.7819929311604117,0.8429382635565796,1.0326369539783025,0.5872532054839648,0.5872532054839648,-1.7447536764379787,3.308739538758802,-1.7447536764379787,3.308739538758802,0.314475168939215,0.314475168939215,-13.066048322488589,14.630034184809412,-13.066048322488589,14.630034184809412,11.23862174767942,82.2042235702704,0.314475168939215,0.5629493764961256,False,REML random effects with modified Hartung-Knapp primary t inference,2.0,1.0
C7,COMPLEMENT_ACTIVATION,analysis_defined_145_gene_focused_universe,three-study synthesis with GSE30122 represented by glomerular GSE30528,GSE142025_C1;GSE96804;GSE30528,True,UP,UP,True,3.0,1.6950880085595992,0.3367281503175286,0.8922897363185073,0.3986267010528321,0.42200095790206954,-0.020064254855136854,3.4102402719743354,-0.1206355648921269,3.5108115820113253,0.05110094665438327,0.05675376670789382,-7.250219072841677,10.640395089960876,-7.421673292585492,10.81184930970469,5.821558745969181,65.64494000194037,0.05675376670789382,0.38381123608567475,False,REML random effects with modified Hartung-Knapp primary t inference,2.0,1.0
C1QB,COMPLEMENT_ACTIVATION,analysis_defined_145_gene_focused_universe,three-study synthesis with GSE30122 represented by glomerular GSE30528,GSE142025_C1;GSE96804;GSE30528,True,UP,UP,True,3.0,1.8470582445105155,1.158983077428204,0.9513066341255378,0.665048950844061,0.6818570731791876,-1.014416439220239,4.7085329282412705,-1.086735952666538,4.7808524416875695,0.10887603326374283,0.1135350403306896,-14.231554093292017,17.925670582313046,-14.344815691022815,18.038932180043844,15.217452392290937,86.85719561696682,0.1135350403306896,0.38381123608567475,False,REML random effects with modified Hartung-Knapp primary t inference,2.0,1.0
FGF2,FIBROSIS,analysis_defined_145_gene_focused_universe,three-study synthesis with GSE30122 represented by glomerular GSE30528,GSE142025_C1;GSE96804;GSE30528,True,UP,UP,True,3.0,1.1891134920750017,0.16040661158430433,1.1520133660506473,0.34980780650842064,0.34980780650842064,-0.3159880214674742,2.694215005617478,-0.3159880214674742,2.694215005617478,0.07671343204642206,0.07671343204642206,-5.567578744232944,7.945805728382948,-5.567578744232944,7.945805728382948,4.0225224647699225,50.27995449332078,0.07671343204642206,0.38381123608567475,False,REML random effects with modified Hartung-Knapp primary t inference,2.0,1.0
EMCN,ENDOTHELIAL_ACTIVATION,analysis_defined_145_gene_focused_universe,three-study synthesis with GSE30122 represented by glomerular GSE30528,GSE142025_C1;GSE96804;GSE30528,True,DOWN,DOWN,True,3.0,-1.5315993609370848,0.26572168895557546,0.8911803062824293,0.366155175291377,0.38786660298566183,-3.1070379253968974,0.04383920352272774,-3.2004546590313128,0.1372559371571429,0.05267779801593038,0.05855564630877077,-9.565612157609904,6.502413435735734,-9.728452601222369,6.6652538793481995,5.065777365843803,60.5193861561095,0.05855564630877077,0.38381123608567475,False,REML random effects with modified Hartung-Knapp primary t inference,2.0,1.0
F13A1,COAGULATION_CASCADE,analysis_defined_145_gene_focused_universe,three-study synthesis with GSE30122 represented by glomerular GSE30528,GSE142025_C1;GSE96804;GSE30528,True,UP,UP,True,3.0,0.9124321308610951,0.8840469313719902,1.01149317116078,0.5955821542010764,0.5955821542010764,-1.6501510506704746,3.475015312392665,-1.6501510506704746,3.475015312392665,0.2652107302800021,0.2652107302800021,-13.22955110120564,15.05441536292783,-13.22955110120564,15.05441536292783,12.552293296012357,84.06665656358297,0.2652107302800021,0.49942280377402987,False,REML random effects with modified Hartung-Knapp primary t inference,2.0,1.0
C3,COMPLEMENT_ACTIVATION,analysis_defined_145_gene_focused_universe,three-study synthesis with GSE30122 represented by glomerular GSE30528,GSE142025_C1;GSE96804;GSE30528,True,UP,UP,True,3.0,1.6646094475351954,0.4152055708101976,0.9424038642558673,0.4385455217918971,0.4517479094422664,-0.2222996388987295,3.55151853396912,-0.27910492816109755,3.6083238232314883,0.06292680018651467,0.06639786896350397,-8.239123183043551,11.568342078113941,-8.334469280193964,11.663688175264355,6.693623347859555,70.12081654341145,0.06639786896350397,0.38381123608567475,False,REML random effects with modified Hartung-Knapp primary t inference,2.0,1.0
CX3CR1,MACROPHAGE_RECRUITMENT,analysis_defined_145_gene_focused_universe,three-study synthesis with GSE30122 represented by glomerular GSE30528,GSE142025_C1;GSE96804;GSE30528,True,UP,UP,True,3.0,1.062520431901253,0.49854576869821843,1.043313409765687,0.4807418025848919,0.4807418025848919,-1.005944597269676,3.130985461072182,-1.005944597269676,3.130985461072182,0.15767767246242093,0.15767767246242093,-9.79112567423802,11.916166538040526,-9.79112567423802,11.916166538040526,7.559775417903886,73.54418763203756,0.15767767246242093,0.40827254476876845,False,REML random effects with modified Hartung-Knapp primary t inference,2.0,1.0
C5,COMPLEMENT_ACTIVATION,analysis_defined_145_gene_focused_universe,three-study synthesis with GSE30122 represented by glomerular GSE30528,GSE142025_C1;GSE96804;GSE30528,True,DOWN,DOWN,True,3.0,-0.6590571027868424,0.25637980782904546,1.0767108624577801,0.38038481865279794,0.38038481865279794,-2.2957208810982754,0.9776066755245907,-2.2957208810982754,0.9776066755245907,0.22530400423239672,0.22530400423239672,-8.705931955186669,7.387817749612983,-8.705931955186669,7.387817749612983,5.2406297949681075,61.836647917386976,0.22530400423239672,0.48057710728268455,False,REML random effects with modified Hartung-Knapp primary t inference,2.0,1.0
CR1,COMPLEMENT_ACTIVATION,analysis_defined_145_gene_focused_universe,three-study synthesis with GSE30122 represented by glomerular GSE30528,GSE142025_C1;GSE96804;GSE30528,True,DOWN,DOWN,True,3.0,-0.9803578444210493,0.1859975125367372,1.0732040541859023,0.34662681349523883,0.34662681349523883,-2.4717726496922143,0.5110569608501155,-2.4717726496922143,0.5110569608501155,0.10558208530600313,0.10558208530600313,-8.010778663421998,6.050062974579899,-8.010778663421998,6.050062974579899,4.4119739441217245,54.668816603853884,0.10558208530600313,0.38381123608567475,False,REML random effects with modified Hartung-Knapp primary t inference,2.0,1.0
BNIP3,HYPOXIA,analysis_defined_145_gene_focused_universe,three-study synthesis with GSE30122 represented by glomerular GSE30528,GSE142025_C1;GSE96804;GSE30528,True,DOWN,DOWN,True,3.0,-0.8807262574265036,1.0809471722391881,1.0021384199195538,0.6435718867203376,0.6435718867203376,-3.6497925925794608,1.8883400777264534,-3.6497925925794608,1.8883400777264534,0.3046039405260622,0.3046039405260622,-16.417312829782777,14.65586031492977,-16.417312829782777,14.65586031492977,15.761620912466865,87.31094973602573,0.3046039405260622,0.5532796278738491,False,REML random effects with modified Hartung-Knapp primary t inference,2.0,1.0
ADAMTS5,ECM_REMODELING,analysis_defined_145_gene_focused_universe,three-study synthesis with GSE30122 represented by glomerular GSE30528,GSE142025_C1;GSE96804;GSE30528,True,UP,UP,True,3.0,1.1094855633404557,0.9591573268674779,1.029823629380835,0.6225479384069116,0.6225479384069116,-1.569122023212748,3.788093149893659,-1.569122023212748,3.788093149893659,0.21666696947850034,0.21666696947850034,-13.635862545481553,15.854833672162465,-13.635862545481553,15.854833672162465,11.94522568457456,83.25690905461339,0.21666696947850034,0.48057710728268455,False,REML random effects with modified Hartung-Knapp primary t inference,2.0,1.0
SPARC,FIBROSIS,analysis_defined_145_gene_focused_universe,three-study synthesis with GSE30122 represented by glomerular GSE30528,GSE142025_C1;GSE96804;GSE30528,True,UP,UP,True,3.0,0.26332096494750123,0.9805786179850342,1.0369615902847176,0.6267132694848739,0.6267132694848739,-2.4332085947383852,2.9598505246333877,-2.4332085947383852,2.9598505246333877,0.7152041687826225,0.7152041687826225,-14.627072397237018,15.153714327132022,-14.627072397237018,15.153714327132022,12.321465031196073,83.76816397290172,0.7152041687826225,0.9783453252215119,False,REML random effects with modified Hartung-Knapp primary t inference,2.0,1.0
CSF1,MACROPHAGE_RECRUITMENT,analysis_defined_145_gene_focused_universe,three-study synthesis with GSE30122 represented by glomerular GSE30528,GSE142025_C1;GSE96804;GSE30528,True,UP,UP,True,3.0,1.1691451446881487,0.0,0.38884236931646665,0.13524645454992176,0.21688978520021543,0.5872266178372026,1.7510636715390948,0.2359437183532319,2.1023465710230655,0.013119056256818737,0.032734072608523755,-0.5493239966997154,2.887614286076013,-1.5867008713065684,3.9249911606828656,0.7776847386329333,0.0,0.032734072608523755,0.38381123608567475,False,REML random effects with modified Hartung-Knapp primary t inference,2.0,1.0
SERPINC1,COAGULATION_CASCADE,analysis_defined_145_gene_focused_universe,three-study synthesis with GSE30122 represented by glomerular GSE30528,GSE142025_C1;GSE96804;GSE30528,True,DOWN,DOWN,True,3.0,-0.7553531621589086,0.3672681270431543,1.0765317656798965,0.4311295701268302,0.4311295701268302,-2.6103539839178387,1.0996476596000213,-2.6103539839178387,1.0996476596000213,0.22186566724950985,0.22186566724950985,-10.205394509124003,8.694688184806187,-10.205394509124003,8.694688184806187,6.244672496802764,67.97269991302205,0.22186566724950985,0.48057710728268455,False,REML random effects with modified Hartung-Knapp primary t inference,2.0,1.0
TGFB1,TGF_BETA_SIGNALING,analysis_defined_145_gene_focused_universe,three-study synthesis with GSE30122 represented by glomerular GSE30528,GSE142025_C1;GSE96804;GSE30528,True,UP,UP,True,3.0,0.7191764823424499,0.07360391425336182,1.0644251350658287,0.27455869753695245,0.27455869753695245,-0.462154247076736,1.900507211761636,-0.462154247076736,1.900507211761636,0.12005845565276367,0.12005845565276367,-4.185260417723687,5.623613382408586,-4.185260417723687,5.623613382408586,3.1114321843481862,35.72091945115044,0.12005845565276367,0.38381123608567475,False,REML random effects with modified Hartung-Knapp primary t inference,2.0,1.0
LOXL2,FIBROSIS,analysis_defined_145_gene_focused_universe,three-study synthesis with GSE30122 represented by glomerular GSE30528,GSE142025_C1;GSE96804;GSE30528,True,UP,UP,True,3.0,0.9410144019202138,0.2027048609336978,1.0870061465820928,0.3573886545129044,0.3573886545129044,-0.5967048679821658,2.478733671822593,-0.5967048679821658,2.478733671822593,0.11903066185952683,0.11903066185952683,-6.362915176546138,8.244943980386566,-6.362915176546138,8.244943980386566,4.581966786914306,56.350622057937564,0.11903066185952683,0.38381123608567475,False,REML random effects with modified Hartung-Knapp primary t inference,2.0,1.0
VCAM1,ENDOTHELIAL_ACTIVATION;LEUKOCYTE_ADHESION,analysis_defined_145_gene_focused_universe,three-study synthesis with GSE30122 represented by glomerular GSE30528,GSE142025_C1;GSE96804;GSE30528,True,UP,UP,True,3.0,0.9667407143654738,0.04625391902467089,0.8513163484514219,0.2317468989819108,0.25117039279432557,-0.030385713137660808,1.9638671418686084,-0.11395826180988333,2.047439690540831,0.05294332195346701,0.061355174666471744,-3.050521268212738,4.984002696943686,-3.234778435641778,5.168259864372726,2.3272774353938814,14.062673852999016,0.061355174666471744,0.38381123608567475,False,REML random effects with modified Hartung-Knapp primary t inference,2.0,1.0
EDN1,ENDOTHELIAL_ACTIVATION,analysis_defined_145_gene_focused_universe,three-study synthesis with GSE30122 represented by glomerular GSE30528,GSE142025_C1;GSE96804;GSE30528,True,UP,UP,True,3.0,1.6183416989877528,0.3523399715291072,1.1187693285304132,0.45327814235308134,0.45327814235308134,-0.3319567375193291,3.5686401354948347,-0.3319567375193291,3.5686401354948347,0.07027962221650111,0.07027962221650111,-7.8714244613158675,11.108107859291373,-7.8714244613158675,11.108107859291373,5.266104654270648,62.02126369862282,0.07027962221650111,0.38381123608567475,False,REML random effects with modified Hartung-Knapp primary t inference,2.0,1.0
PDK1,HYPOXIA,analysis_defined_145_gene_focused_universe,three-study synthesis with GSE30122 represented by glomerular GSE30528,GSE142025_C1;GSE96804;GSE30528,True,UP,UP,True,3.0,0.8491040098063555,0.0,0.1268936263633928,0.07430501127307262,0.20859226503644945,0.5293953502221669,1.168812669390544,-0.04839606874622482,1.7466040883589358,0.007571124323409029,0.0553836525504336,-0.0950306763722002,1.7932386959849111,-1.8013120161828775,3.4995200357955882,0.2537872527267856,0.0,0.0553836525504336,0.38381123608567475,False,REML random effects with modified Hartung-Knapp primary t inference,2.0,1.0
F5,COAGULATION_CASCADE,analysis_defined_145_gene_focused_universe,three-study synthesis with GSE30122 represented by glomerular GSE30528,GSE142025_C1;GSE96804;GSE30528,True,DOWN,DOWN,True,3.0,-1.4947477374663625,0.9802185156034627,0.9923116114767165,0.6274469830415709,0.629873009305097,-4.194434211789787,1.2049387368570614,-4.204872560314861,1.2153770853821366,0.1401042371942115,0.14097097138317685,-16.388177161584082,13.398681686651358,-16.404700867605737,13.415205392673013,12.771794035558612,84.34049285142167,0.14097097138317685,0.38824154143590667,False,REML random effects with modified Hartung-Knapp primary t inference,2.0,1.0
LDHA,HYPOXIA,analysis_defined_145_gene_focused_universe,three-study synthesis with GSE30122 represented by glomerular GSE30528,GSE142025_C1;GSE96804;GSE30528,True,UP,UP,True,3.0,0.8700468851503493,0.0,0.5636853483223426,0.15714998231930657,0.20931288477652024,0.19388508475248445,1.5462086855482142,-0.030553769893919447,1.7706475401946182,0.03111005727921436,0.053292663791501826,-1.1267329645254438,2.8668267348261427,-1.7895254827933376,3.5296192530940362,1.1273706966446853,0.0,0.053292663791501826,0.38381123608567475,False,REML random effects with modified Hartung-Knapp primary t inference,2.0,1.0
F8,COAGULATION_CASCADE,analysis_defined_145_gene_focused_universe,three-study synthesis with GSE30122 represented by glomerular GSE30528,GSE142025_C1;GSE96804;GSE30528,True,DOWN,DOWN,True,3.0,-0.6548638358365666,0.26830998049002086,0.9487667359856524,0.36271797914640724,0.3723825814527399,-2.215513338920724,0.9057856672475908,-2.2570967664154935,0.9473690947423605,0.2127626174192712,0.22072273876953516,-8.689710669092342,7.379982997419209,-8.760772856405413,7.45104518473228,5.904172360734352,66.12565017069991,0.22072273876953516,0.48057710728268455,False,REML random effects with modified Hartung-Knapp primary t inference,2.0,1.0
PLAT,COAGULATION_CASCADE,analysis_defined_145_gene_focused_universe,three-study synthesis with GSE30122 represented by glomerular GSE30528,GSE142025_C1;GSE96804;GSE30528,True,DOWN,DOWN,True,3.0,-1.054756481187377,0.031187109313006476,0.8850064615509301,0.22761901999646855,0.24195540512054545,-2.034122078905943,-0.07539088346881095,-2.095806565494028,-0.01370639688072628,0.043550968156398105,0.04880191045330741,-4.71532404017505,2.605811077800296,-4.8608857914605,2.7513728290857458,2.1697563060049636,7.823749862376263,0.04880191045330741,0.38381123608567475,False,REML random effects with modified Hartung-Knapp primary t inference,2.0,1.0
CXCL1,MACROPHAGE_RECRUITMENT,analysis_defined_145_gene_focused_universe,three-study synthesis with GSE30122 represented by glomerular GSE30528,GSE142025_C1;GSE96804;GSE30528,True,UP,UP,True,3.0,0.553706976423269,0.20346103623217068,0.9261106887042991,0.32706920466883393,0.33986638062330804,-0.8535582298446355,1.9609721826911737,-0.9086200338975553,2.0160339867440933,0.2325449211613611,0.24482703198081066,-6.525773677388699,7.633187630235238,-6.622432967463183,7.729846920309722,4.985338378265239,59.88236207356611,0.24482703198081066,0.4861768554710769,False,REML random effects with modified Hartung-Knapp primary t inference,2.0,1.0
CTGF,FIBROSIS;TGF_BETA_SIGNALING,analysis_defined_145_gene_focused_universe,three-study synthesis with GSE30122 represented by glomerular GSE30528,GSE142025_C1;GSE96804;GSE30528,True,DOWN,DOWN,True,3.0,-1.2003583198427785,0.28268891717922684,1.0396437959510298,0.3969536921056168,0.3969536921056168,-2.9083122067439726,0.5075955670584156,-2.9083122067439726,0.5075955670584156,0.09416710710409024,0.09416710710409024,-9.63120188752984,7.2304852478442845,-9.63120188752984,7.2304852478442845,5.256402240383033,61.951161487704944,0.09416710710409024,0.38381123608567475,False,REML random effects with modified Hartung-Knapp primary t inference,2.0,1.0
C6,COMPLEMENT_ACTIVATION,analysis_defined_145_gene_focused_universe,three-study synthesis with GSE30122 represented by glomerular GSE30528,GSE142025_C1;GSE96804;GSE30528,True,UP,UP,True,3.0,0.6233162615900946,0.25069881536328237,0.9918282382375745,0.362202468142779,0.3636915166348633,-0.9351151766671134,2.1817476998473024,-0.9415220352262298,2.188154558406419,0.22740863890295804,0.2286884165690016,-7.2287630110432,8.47539553422339,-7.239867334061263,8.486499857241453,5.498629606981452,63.627300928568495,0.2286884165690016,0.48057710728268455,False,REML random effects with modified Hartung-Knapp primary t inference,2.0,1.0
ACTA2,FIBROSIS,analysis_defined_145_gene_focused_universe,three-study synthesis with GSE30122 represented by glomerular GSE30528,GSE142025_C1;GSE96804;GSE30528,True,UP,UP,True,3.0,0.7510383530351381,0.25129355889544214,1.0756358563487571,0.3776970908065965,0.3776970908065965,-0.8740610657221559,2.376137771792432,-0.8740610657221559,2.376137771792432,0.18508189711403744,0.18508189711403744,-7.22405284157377,8.726129547644046,-7.22405284157377,8.726129547644046,5.184023938109662,61.41993123725247,0.18508189711403744,0.43994877182844966,False,REML random effects with modified Hartung-Knapp primary t inference,2.0,1.0
COL3A1,FIBROSIS,analysis_defined_145_gene_focused_universe,three-study synthesis with GSE30122 represented by glomerular GSE30528,GSE142025_C1;GSE30528,False,NOT_ESTIMABLE,UP,False,2.0,1.9750125639304492,2.9437754571121193,0.9999999995146949,1.2699748630468957,1.2699748633550583,-14.161548056065719,18.111573183926616,-14.161548059981296,18.111573187842193,0.36379861248289364,0.3637986125531687,,,,,11.368210843912994,91.20354105206061,1.0,1.0,False,REML random effects with modified Hartung-Knapp primary t inference,,
C1R,COMPLEMENT_ACTIVATION,analysis_defined_145_gene_focused_universe,three-study synthesis with GSE30122 represented by glomerular GSE30528,GSE142025_C1;GSE96804;GSE30528,True,UP,UP,True,3.0,0.8100329873082341,4.002021800739137,1.0194359684045635,1.196031865004948,1.196031865004948,-4.336076781458873,5.956142756075341,-4.336076781458873,5.956142756075341,0.5680753322024563,0.5680753322024563,-28.805276596737414,30.42534257135388,-28.805276596737414,30.42534257135388,30.435283695777933,93.42867962069484,0.5680753322024563,0.8405196241771037,False,REML random effects with modified Hartung-Knapp primary t inference,2.0,1.0
ACKR1,ENDOTHELIAL_ACTIVATION,analysis_defined_145_gene_focused_universe,three-study synthesis with GSE30122 represented by glomerular GSE30528,GSE142025_C1;GSE30528,False,NOT_ESTIMABLE,UP,False,2.0,2.5216761027454444,1.0792247255607386,0.9999999997521841,0.8371511576046482,0.8371511577083779,-8.115337901120348,13.158690106611235,-8.115337902438359,13.158690107929246,0.20405821267304505,0.20405821269663282,,,,,4.325089214310732,76.87908964533659,1.0,1.0,False,REML random effects with modified Hartung-Knapp primary t inference,,
DCN,FIBROSIS,analysis_defined_145_gene_focused_universe,three-study synthesis with GSE30122 represented by glomerular GSE30528,GSE142025_C1;GSE96804;GSE30528,True,DOWN,DOWN,True,3.0,-0.31300069910934103,5.69015309480923,1.0081025779957369,1.409938044943217,1.409938044943217,-6.379474476886715,5.7534730786680335,-6.379474476886715,5.7534730786680335,0.8449240720526507,0.8449240720526507,-35.5210626434118,34.895061245193126,-35.5210626434118,34.895061245193126,46.243690244634145,95.67508563996562,0.8449240720526507,1.0,False,REML random effects with modified Hartung-Knapp primary t inference,2.0,1.0
SELL,LEUKOCYTE_ADHESION,analysis_defined_145_gene_focused_universe,three-study synthesis with GSE30122 represented by glomerular GSE30528,GSE142025_C1;GSE96804;GSE30528,True,DOWN,UP,False,3.0,0.45476149503067637,2.916760204546322,0.9895241229547314,1.0102807741088646,1.0156145061116937,-3.892125835448361,4.801648825509714,-3.915075032009802,4.824598022071155,0.696700448979171,0.6981478161056102,-24.75809959397884,25.667622584040195,-24.79267203934433,25.702195029405683,42.56304961027006,95.30108857726816,0.6981478161056102,0.9733791666857065,False,REML random effects with modified Hartung-Knapp primary t inference,2.0,1.0
CFP,COMPLEMENT_ACTIVATION,analysis_defined_145_gene_focused_universe,three-study synthesis with GSE30122 represented by glomerular GSE30528,GSE142025_C1;GSE96804;GSE30528,True,UP,UP,True,3.0,0.48975910936470307,1.6445323720380687,1.0046769439231866,0.7785363741584027,0.7785363741584027,-2.8600125460756853,3.839530764805091,-2.8600125460756853,3.839530764805091,0.5935716472623424,0.5935716472623424,-18.572306134560495,19.5518243532899,-18.572306134560495,19.5518243532899,22.30244844389752,91.03237474113634,0.5935716472623424,0.8667578181818181,False,REML random effects with modified Hartung-Knapp primary t inference,2.0,1.0
F7,COAGULATION_CASCADE,analysis_defined_145_gene_focused_universe,three-study synthesis with GSE30122 represented by glomerular GSE30528,GSE142025_C1;GSE96804;GSE30528,True,DOWN,DOWN,True,3.0,-0.3378612938290545,1.8722274667119616,1.022203787498368,0.8340362892568927,0.8340362892568927,-3.926429810465865,3.2507072228077556,-3.926429810465865,3.2507072228077556,0.7246310989468736,0.7246310989468736,-20.69891112866547,20.02318854100736,-20.69891112866547,20.02318854100736,20.061372822724188,90.03059253385425,0.7246310989468736,0.9819767228719315,False,REML random effects with modified Hartung-Knapp primary t inference,2.0,1.0
CCL5,MACROPHAGE_RECRUITMENT,analysis_defined_145_gene_focused_universe,three-study synthesis with GSE30122 represented by glomerular GSE30528,GSE142025_C1;GSE96804;GSE30528,True,UP,UP,True,3.0,1.0567085633768922,1.6072429023801127,0.9707372902356272,0.7621711806199246,0.7735736472949076,-2.2226493474131575,4.336066474166942,-2.2717102017775423,4.385127328531327,0.2999385530087465,0.30525772572350296,-17.738804130666004,19.852221257419792,-17.81386249620398,19.92727962295777,24.91440875236416,91.97251670758504,0.30525772572350296,0.5532796278738491,False,REML random effects with modified Hartung-Knapp primary t inference,2.0,1.0
TIMP2,ECM_REMODELING,analysis_defined_145_gene_focused_universe,three-study synthesis with GSE30122 represented by glomerular GSE30528,GSE142025_C1;GSE30528,False,NOT_ESTIMABLE,UP,False,2.0,0.010262508697144686,6.529213010306882,0.9999999897556385,1.8414540846281975,1.8414540940604582,-23.387630103327886,23.408155120722178,-23.38763022317612,23.408155240570412,0.9964521253245389,0.9964521253427114,,,,,26.82593835516523,96.2722646016688,1.0,1.0,False,REML random effects with modified Hartung-Knapp primary t inference,,
SERPING1,COMPLEMENT_ACTIVATION,analysis_defined_145_gene_focused_universe,three-study synthesis with GSE30122 represented by glomerular GSE30528,GSE142025_C1;GSE96804;GSE30528,True,DOWN,UP,False,3.0,0.05842915032862114,1.2558691846030126,1.0057949997793951,0.6877347411225824,0.6877347411225824,-2.9006546108693274,3.0175129115265693,-2.9006546108693274,3.0175129115265693,0.9400331363249911,0.9400331363249911,-16.648409845298627,16.76526814595587,-16.648409845298627,16.76526814595587,18.243846651320297,89.03739963273995,0.9400331363249911,1.0,False,REML random effects with modified Hartung-Knapp primary t inference,2.0,1.0
JAM3,LEUKOCYTE_ADHESION,analysis_defined_145_gene_focused_universe,three-study synthesis with GSE30122 represented by glomerular GSE30528,GSE142025_C1;GSE96804;GSE30528,True,UP,DOWN,False,3.0,-0.25979907751800313,4.135102301537011,1.0169248291087243,1.2140620044690853,1.2140620044690853,-5.483486275067282,4.963888120031276,-5.483486275067282,4.963888120031276,0.8503881628390344,0.8503881628390344,-30.35245089037674,29.832852735340733,-30.35245089037674,29.832852735340733,32.038962428962805,93.75760059510533,0.8503881628390344,1.0,False,REML random effects with modified Hartung-Knapp primary t inference,2.0,1.0
MMP9,ECM_REMODELING,analysis_defined_145_gene_focused_universe,three-study synthesis with GSE30122 represented by glomerular GSE30528,GSE142025_C1;GSE96804;GSE30528,True,UP,UP,True,3.0,0.6897685269324605,0.5905657937315743,0.9917695746037097,0.4967652960988541,0.49882229719373644,-1.4476400303455865,2.8271770842105077,-1.4564905917214699,2.836027645586391,0.2994049443972632,0.30088042940239723,-10.937218039972832,12.316755093837754,-10.951427685032742,12.330964738897665,10.124607425794355,80.24614766885063,0.30088042940239723,0.5532796278738491,False,REML random effects with modified Hartung-Knapp primary t inference,2.0,1.0
ENO1,HYPOXIA,analysis_defined_145_gene_focused_universe,three-study synthesis with GSE30122 represented by glomerular GSE30528,GSE142025_C1;GSE96804;GSE30528,True,UP,UP,True,3.0,0.8258142551326133,0.6410513147731481,0.9483376040789454,0.5039973791067741,0.5175434208850819,-1.3427114438408496,2.994339954106076,-1.4009953574748633,3.05262386774009,0.24297600946428738,0.25162840981140594,-11.195253834678175,12.8468823449434,-11.287821190208895,12.939449700474121,11.790535918641238,83.03724263425607,0.25162840981140594,0.4861768554710769,False,REML random effects with modified Hartung-Knapp primary t inference,2.0,1.0
SMAD2,TGF_BETA_SIGNALING,analysis_defined_145_gene_focused_universe,three-study synthesis with GSE30122 represented by glomerular GSE30528,GSE142025_C1;GSE96804;GSE30528,True,UP,UP,True,3.0,0.0541026295497639,1.1979661047646497,1.0303977566840659,0.6826883804278988,0.6826883804278988,-2.883268394030173,2.9914736531297006,-2.883268394030173,2.9914736531297006,0.9440500064983841,0.9440500064983841,-16.336554417802553,16.44475967690208,-16.336554417802553,16.44475967690208,14.457343036173086,86.1661994531368,0.9440500064983841,1.0,False,REML random effects with modified Hartung-Knapp primary t inference,2.0,1.0
ARNT,HYPOXIA,analysis_defined_145_gene_focused_universe,three-study synthesis with GSE30122 represented by glomerular GSE30528,GSE142025_C1;GSE96804;GSE30528,True,DOWN,UP,False,3.0,0.2899761678404115,1.196019194463393,0.9751670837408616,0.6626659546293979,0.6710504036799612,-2.5612453107224673,3.1411976464032905,-2.5973206833168714,3.1772730189976945,0.704404122530099,0.7077802446760056,-15.957803919863483,16.537756255544306,-16.0132671371732,16.593219472854024,21.162875724439623,90.54948851922647,0.7077802446760056,0.9774108140763887,False,REML random effects with modified Hartung-Knapp primary t inference,2.0,1.0
PDGFRB,FIBROSIS,analysis_defined_145_gene_focused_universe,three-study synthesis with GSE30122 represented by glomerular GSE30528,GSE142025_C1;GSE30528,False,NOT_ESTIMABLE,DOWN,False,2.0,-0.2172376578706515,4.741180214344208,1.0000000134983824,1.577476333922663,1.577476333922663,-20.26097492356833,19.826499607827028,-20.26097492356833,19.826499607827028,0.9128777118484377,0.9128777118484377,,,,,21.08583104737664,95.25747883612861,1.0,1.0,False,REML random effects with modified Hartung-Knapp primary t inference,,
CFI,COMPLEMENT_ACTIVATION,analysis_defined_145_gene_focused_universe,three-study synthesis with GSE30122 represented by glomerular GSE30528,GSE142025_C1;GSE96804;GSE30528,True,DOWN,DOWN,True,3.0,-0.10637364753305377,0.8445767100710069,1.0378437014852386,0.5873715759977052,0.5873715759977052,-2.633629562345505,2.420882267279397,-2.633629562345505,2.420882267279397,0.8729794310037969,0.8729794310037969,-13.964772462515178,13.75202516744907,-13.964772462515178,13.75202516744907,11.319512757909347,82.33139497455375,0.8729794310037969,1.0,False,REML random effects with modified Hartung-Knapp primary t inference,2.0,1.0
PROS1,COAGULATION_CASCADE,analysis_defined_145_gene_focused_universe,three-study synthesis with GSE30122 represented by glomerular GSE30528,GSE142025_C1;GSE96804;GSE30528,True,UP,UP,True,3.0,0.10206818541710952,1.0211332969546782,0.9884961476370139,0.6210073975835854,0.6246105034657742,-2.569910988957401,2.7740473597916204,-2.5854139023167853,2.7895502731510047,0.8845576238738887,0.8852147613819469,-14.968494907278904,15.172631278113125,-14.992515743217064,15.196652114051284,17.27801635401765,88.42459713533643,0.8852147613819469,1.0,False,REML random effects with modified Hartung-Knapp primary t inference,2.0,1.0
CCL18,MACROPHAGE_RECRUITMENT,analysis_defined_145_gene_focused_universe,three-study synthesis with GSE30122 represented by glomerular GSE30528,GSE142025_C1;GSE30528,False,NOT_ESTIMABLE,UP,False,2.0,1.2494179907656335,0.0,0.5166158443394568,0.23177318982381984,0.3224625893815776,-1.6955396115517611,4.194375593083028,-2.847857689756726,5.3466936712879924,0.11676875870804655,0.1607963993997923,,,,,0.5166158443394568,0.0,1.0,1.0,False,REML random effects with modified Hartung-Knapp primary t inference,,
F10,COAGULATION_CASCADE,analysis_defined_145_gene_focused_universe,three-study synthesis with GSE30122 represented by glomerular GSE30528,GSE142025_C1;GSE96804;GSE30528,True,UP,UP,True,3.0,0.04943836598154139,1.2057532580125114,1.0010235443746902,0.6734058217204215,0.6734058217204215,-2.8479930310371038,2.9468697630001865,-2.8479930310371038,2.9468697630001865,0.9481572729645278,0.9481572729645278,-16.317557362912314,16.416434094875395,-16.317557362912314,16.416434094875395,18.312609215124468,89.07856342859,0.9481572729645278,1.0,False,REML random effects with modified Hartung-Knapp primary t inference,2.0,1.0
SELP,ENDOTHELIAL_ACTIVATION;LEUKOCYTE_ADHESION,analysis_defined_145_gene_focused_universe,three-study synthesis with GSE30122 represented by glomerular GSE30528,GSE142025_C1;GSE96804;GSE30528,True,DOWN,UP,False,3.0,0.10884555517284986,0.3670806502241831,0.9874820408668158,0.4090818548103946,0.4116665818853864,-1.6512916040962553,1.8689827144419549,-1.6624127871009884,1.880103897446688,0.815102109505933,0.8162236980008363,-9.179977721506571,9.397668831852272,-9.19839542241082,9.416086532756522,7.4620432129921666,73.1976893873008,0.8162236980008363,1.0,False,REML random effects with modified Hartung-Knapp primary t inference,2.0,1.0
MMP3,ECM_REMODELING,analysis_defined_145_gene_focused_universe,three-study synthesis with GSE30122 represented by glomerular GSE30528,GSE142025_C1;GSE96804;GSE30528,True,UP,UP,True,3.0,0.3471756610927477,0.9808069778895322,1.019239822603501,0.6216094515528143,0.6216094515528143,-2.3273939424358905,3.021745264621386,-2.3273939424358905,3.021745264621386,0.632680567371961,0.632680567371961,-14.50987874185764,15.204230064043138,-14.50987874185764,15.204230064043138,13.708906163971234,85.41094397993432,0.632680567371961,0.8993988457738661,False,REML random effects with modified Hartung-Knapp primary t inference,2.0,1.0
PGK1,HYPOXIA,analysis_defined_145_gene_focused_universe,three-study synthesis with GSE30122 represented by glomerular GSE30528,GSE142025_C1;GSE30528,False,NOT_ESTIMABLE,DOWN,False,2.0,-0.26356387859806435,0.34913925045416366,1.0000000025333808,0.5142646930578467,0.5142646930578467,-6.797916357309473,6.270788600113345,-6.797916357309473,6.270788600113345,0.6984952883882387,0.6984952883882387,,,,,2.9398413616351524,65.98455913132007,1.0,1.0,False,REML random effects with modified Hartung-Knapp primary t inference,,
TGFBR2,TGF_BETA_SIGNALING,analysis_defined_145_gene_focused_universe,three-study synthesis with GSE30122 represented by glomerular GSE30528,GSE142025_C1;GSE96804;GSE30528,True,DOWN,DOWN,True,3.0,-0.5745736556902797,1.5917268663713602,1.0021011888546836,0.7662739201418516,0.7662739201418516,-3.871584229883581,2.7224369185030213,-3.871584229883581,2.7224369185030213,0.5315625728142181,0.5315625728142181,-19.330337512840824,18.181190201460264,-19.330337512840824,18.181190201460264,21.84984364488956,90.84661642204576,0.5315625728142181,0.7946038459593983,False,REML random effects with modified Hartung-Knapp primary t inference,2.0,1.0
TEK,ENDOTHELIAL_ACTIVATION,analysis_defined_145_gene_focused_universe,three-study synthesis with GSE30122 represented by glomerular GSE30528,GSE142025_C1;GSE96804;GSE30528,True,UP,DOWN,False,3.0,-0.44277106655521076,0.6646598741912084,0.9551699097344966,0.5100558145178951,0.5218880906383824,-2.637364109188021,1.7518219760775997,-2.6882742843363543,1.8027321512259329,0.47686528103381776,0.4855603422823179,-12.661997310327502,11.776455177217079,-12.74239729085803,11.856855157747606,12.771596222180296,84.34025030851961,0.4855603422823179,0.7529520984391582,False,REML random effects with modified Hartung-Knapp primary t inference,2.0,1.0
ANGPTL4,HYPOXIA,analysis_defined_145_gene_focused_universe,three-study synthesis with GSE30122 represented by glomerular GSE30528,GSE142025_C1;GSE96804;GSE30528,True,DOWN,DOWN,True,3.0,-0.7716673568403946,0.18557420926571205,0.971912657123197,0.3260587435602989,0.3307365803727044,-2.174584899861409,0.6312501861806198,-2.1947120071913786,0.6513772935105896,0.14158398257647314,0.1448291724901459,-7.636411438122765,6.093076724441976,-7.672445574916836,6.129110861236047,4.641826512599965,56.91351250265132,0.1448291724901459,0.38824154143590667,False,REML random effects with modified Hartung-Knapp primary t inference,2.0,1.0
LAMB1,ECM_REMODELING,analysis_defined_145_gene_focused_universe,three-study synthesis with GSE30122 represented by glomerular GSE30528,GSE142025_C1;GSE96804;GSE30528,True,UP,UP,True,3.0,0.6928333046081313,0.0,0.012122272189377293,0.02264812025076601,0.20570277315512459,0.5953863081886864,0.7902803010275762,-0.19223429381383172,1.5779009030300943,0.0010668696877859107,0.07797877918302239,0.40506165180656456,0.980604957409698,-1.9208682459527293,3.306534855168992,0.024244544378754587,0.0,0.07797877918302239,0.38381123608567475,False,REML random effects with modified Hartung-Knapp primary t inference,2.0,1.0
RAMP2,ENDOTHELIAL_ACTIVATION,analysis_defined_145_gene_focused_universe,three-study synthesis with GSE30122 represented by glomerular GSE30528,GSE142025_C1;GSE96804;GSE30528,True,DOWN,DOWN,True,3.0,-0.3829355245907005,0.9864568991841997,0.9995731563048547,0.6161869058941218,0.6163184557569483,-3.0341737972390637,2.2683027480576627,-3.034739810615445,2.268868761434044,0.5976920366183676,0.5977640125391849,-15.234218104226848,14.468347055045445,-15.235099364255348,14.469228315073945,15.473523862479047,87.07469599184387,0.5977640125391849,0.8667578181818181,False,REML random effects with modified Hartung-Knapp primary t inference,2.0,1.0
ADAMTS4,ECM_REMODELING,analysis_defined_145_gene_focused_universe,three-study synthesis with GSE30122 represented by glomerular GSE30528,GSE142025_C1;GSE96804,False,DOWN,DOWN,True,2.0,-0.5689687139427925,0.4548517782101105,0.9999999998462339,0.5381309766421744,0.5381309766835475,-7.406571078174418,6.268633650288832,-7.4065710787001136,6.268633650814528,0.4822718418867607,0.4822718419111954,,,,,4.512201335425207,77.8378683559836,1.0,1.0,False,REML random effects with modified Hartung-Knapp primary t inference,,
CXCL3,MACROPHAGE_RECRUITMENT,analysis_defined_145_gene_focused_universe,three-study synthesis with GSE30122 represented by glomerular GSE30528,GSE142025_C1;GSE96804;GSE30528,True,DOWN,DOWN,True,3.0,-0.08266889836681227,0.7293143671318171,1.0497246255082961,0.5551416645631919,0.5551416645631919,-2.47125069676769,2.3059129000340652,-2.47125069676769,2.3059129000340652,0.8952801799734942,0.8952801799734942,-13.02490139381808,12.859563597084456,-13.02490139381808,12.859563597084456,9.854640385948397,79.70499255506294,0.8952801799734942,1.0,False,REML random effects with modified Hartung-Knapp primary t inference,2.0,1.0
CFB,COMPLEMENT_ACTIVATION,analysis_defined_145_gene_focused_universe,three-study synthesis with GSE30122 represented by glomerular GSE30528,GSE142025_C1;GSE96804;GSE30528,True,UP,UP,True,3.0,0.5913951467543772,1.5419283925967284,1.0273667524959103,0.7668876460632514,0.7668876460632514,-2.7082560769499207,3.8910463704586746,-2.7082560769499207,3.8910463704586746,0.5212562516459207,0.5212562516459207,-17.95289628107072,19.135686574579474,-17.95289628107072,19.135686574579474,16.91610166572916,88.17694502243468,0.5212562516459207,0.7873141300901927,False,REML random effects with modified Hartung-Knapp primary t inference,2.0,1.0
SPP1,ECM_REMODELING;MACROPHAGE_RECRUITMENT,analysis_defined_145_gene_focused_universe,three-study synthesis with GSE30122 represented by glomerular GSE30528,GSE142025_C1;GSE96804;GSE30528,True,UP,UP,True,3.0,0.7632944511750951,0.4041010153536764,1.0220528640818418,0.43800901923461755,0.43800901923461755,-1.1213062510662621,2.647895153416452,-1.1213062510662621,2.647895153416452,0.2235184837581323,0.2235184837581323,-9.045639801462919,10.57222870381311,-9.045639801462919,10.57222870381311,7.0910101532493535,71.7952737793849,0.2235184837581323,0.48057710728268455,False,REML random effects with modified Hartung-Knapp primary t inference,2.0,1.0
CXCL10,MACROPHAGE_RECRUITMENT,analysis_defined_145_gene_focused_universe,three-study synthesis with GSE30122 represented by glomerular GSE30528,GSE142025_C1;GSE96804;GSE30528,True,UP,UP,True,3.0,0.4480718085195873,0.054803546344913495,1.199037291666995,0.2732289722490387,0.2732289722490387,-0.7275375747598104,1.623681191798985,-0.7275375747598104,1.623681191798985,0.2427031535898656,0.2427031535898656,-4.12364851211982,5.0197921291589935,-4.12364851211982,5.0197921291589935,3.1297483243100377,36.097098144755584,0.2427031535898656,0.4861768554710769,False,REML random effects with modified Hartung-Knapp primary t inference,2.0,1.0
CCL2,MACROPHAGE_RECRUITMENT,analysis_defined_145_gene_focused_universe,three-study synthesis with GSE30122 represented by glomerular GSE30528,GSE142025_C1;GSE96804;GSE30528,True,UP,UP,True,3.0,0.9557588507075785,0.0,0.11090106214094325,0.07020418405440394,0.21081191013719663,0.653694626549807,1.25782307486535,0.04870841010331162,1.8628092913118453,0.005352193004666727,0.04536614464996848,0.06373011475816048,1.8477875866569966,-1.7228604403739665,3.6343781417891234,0.2218021242818865,0.0,0.04536614464996848,0.38381123608567475,False,REML random effects with modified Hartung-Knapp primary t inference,2.0,1.0
CXCL2,MACROPHAGE_RECRUITMENT,analysis_defined_145_gene_focused_universe,three-study synthesis with GSE30122 represented by glomerular GSE30528,GSE142025_C1;GSE96804;GSE30528,True,DOWN,DOWN,True,3.0,-0.7032120619047122,0.0,0.8083062689743437,0.185605577187471,0.20644437231787238,-1.5018084052372123,0.09538428142778788,-1.5914705039886123,0.18504638017918806,0.06313815370412938,0.07643488526988088,-3.0615545258723693,1.655130402062945,-3.326336523259813,1.9199123994503888,1.6166125379486873,0.0,0.07643488526988088,0.38381123608567475,False,REML random effects with modified Hartung-Knapp primary t inference,2.0,1.0
FGG,COAGULATION_CASCADE,analysis_defined_145_gene_focused_universe,three-study synthesis with GSE30122 represented by glomerular GSE30528,GSE142025_C1;GSE96804;GSE30528,True,UP,UP,True,3.0,0.48559281263691395,0.021379667229952323,0.9117090644240782,0.21363173164778534,0.2237369041515534,-0.43359034068714336,1.4047759659609713,-0.47706938874453136,1.4482550140183592,0.15092320316456867,0.1621690528173486,-2.803773017309859,3.7749586425836865,-2.9105042639305023,3.88168988920433,2.13118884112862,6.155664791260163,0.1621690528173486,0.41253530979851843,False,REML random effects with modified Hartung-Knapp primary t inference,2.0,1.0
TGFB2,TGF_BETA_SIGNALING,analysis_defined_145_gene_focused_universe,three-study synthesis with GSE30122 represented by glomerular GSE30528,GSE142025_C1;GSE96804;GSE30528,True,UP,UP,True,3.0,0.863228199187768,0.0843330431292259,0.9011194866717449,0.2596668638492848,0.27354283399615953,-0.2540281413649935,1.9804845397405297,-0.31373162219462636,2.0401880205701626,0.07980437089215088,0.08744475829046575,-4.086648696613165,5.813105094988701,-4.205874322180036,5.932330720555572,3.047522823864315,34.37292792892152,0.08744475829046575,0.38381123608567475,False,REML random effects with modified Hartung-Knapp primary t inference,2.0,1.0
SMAD4,TGF_BETA_SIGNALING,analysis_defined_145_gene_focused_universe,three-study synthesis with GSE30122 represented by glomerular GSE30528,GSE142025_C1;GSE96804;GSE30528,True,UP,UP,True,3.0,0.005111823736336409,0.06266597157107748,1.055312658662529,0.2599383090699062,0.2599383090699062,-1.1133124513358952,1.1235360988085679,-1.1133124513358952,1.1235360988085679,0.9860957170181038,0.9860957170181038,-4.580294921200192,4.590518568672865,-4.580294921200192,4.590518568672865,3.0176405431629405,33.72305377685244,0.9860957170181038,1.0,False,REML random effects with modified Hartung-Knapp primary t inference,2.0,1.0
TFPI,COAGULATION_CASCADE,analysis_defined_145_gene_focused_universe,three-study synthesis with GSE30122 represented by glomerular GSE30528,GSE142025_C1;GSE96804;GSE30528,True,DOWN,DOWN,True,3.0,-0.6030814167969752,0.007632072035676762,0.8533217167076907,0.19630661922726397,0.21250959545357187,-1.4477206278725836,0.24155779427863322,-1.5174364077619091,0.31127357416795853,0.09162511528440852,0.10497596289611343,-3.333241272317945,2.127078438723995,-3.5225348516660717,2.3163720180721215,1.8147431806257937,0.0,0.10497596289611343,0.38381123608567475,False,REML random effects with modified Hartung-Knapp primary t inference,2.0,1.0
PROC,COAGULATION_CASCADE,analysis_defined_145_gene_focused_universe,three-study synthesis with GSE30122 represented by glomerular GSE30528,GSE142025_C1;GSE96804;GSE30528,True,DOWN,DOWN,True,3.0,-0.7239292579917692,0.0399979954442046,0.900800268640517,0.22832160717070324,0.2405651759024286,-1.7063178443334057,0.2584593283498673,-1.758997668758186,0.31113915277464776,0.08672730233531022,0.0949588688750635,-4.580607807629681,3.1327492916461424,-4.698953247589862,3.2510947316063232,2.390709168556225,16.34281466332346,0.0949588688750635,0.38381123608567475,False,REML random effects with modified Hartung-Knapp primary t inference,2.0,1.0
SMAD7,TGF_BETA_SIGNALING,analysis_defined_145_gene_focused_universe,three-study synthesis with GSE30122 represented by glomerular GSE30528,GSE142025_C1;GSE96804;GSE30528,True,DOWN,DOWN,True,3.0,-0.32016741605224497,0.09569182585381429,0.8670097689304554,0.25749976207527636,0.27654437974836193,-1.42809947024154,0.78776463813705,-1.510041846458661,0.869707014354171,0.33971281025688616,0.3665460783718164,-5.434283865160684,4.793949033056195,-5.592379204930441,4.952044372825951,3.248082338201816,38.42520626779344,0.3665460783718164,0.625284486634275,False,REML random effects with modified Hartung-Knapp primary t inference,2.0,1.0
TGFB3,TGF_BETA_SIGNALING,analysis_defined_145_gene_focused_universe,three-study synthesis with GSE30122 represented by glomerular GSE30528,GSE142025_C1;GSE96804;GSE30528,True,UP,UP,True,3.0,0.8216668355501957,0.2090732231894784,0.9534964988582105,0.33499334215469584,0.34306516700184003,-0.61969318250174,2.263026853602131,-0.6544234417139341,2.2977571128143257,0.1336837239469918,0.13890690725048094,-6.38056332700913,8.023896998109521,-6.44164849634786,8.084982167448253,5.013116569456383,60.10465800485309,0.13890690725048094,0.38824154143590667,False,REML random effects with modified Hartung-Knapp primary t inference,2.0,1.0
THBD,COAGULATION_CASCADE,analysis_defined_145_gene_focused_universe,three-study synthesis with GSE30122 represented by glomerular GSE30528,GSE142025_C1;GSE96804;GSE30528,True,UP,UP,True,3.0,0.1079592458647107,1.1137113671508054,0.9760811464417538,0.6408784084726805,0.6486832413292785,-2.6495179877535873,2.8654364794830083,-2.6830994731488507,2.8990179648782717,0.8817203992752276,0.883123960304915,-15.580146875962377,15.7960653676918,-15.631850600679062,15.847769092408484,20.186762452602558,90.09251728851572,0.883123960304915,1.0,False,REML random effects with modified Hartung-Knapp primary t inference,2.0,1.0
ROBO4,ENDOTHELIAL_ACTIVATION,analysis_defined_145_gene_focused_universe,three-study synthesis with GSE30122 represented by glomerular GSE30528,GSE142025_C1;GSE96804;GSE30528,True,DOWN,DOWN,True,3.0,-0.5158032154432782,0.0,0.8459881524233572,0.18735215762737673,0.20369321290051415,-1.3219144878731726,0.2903080569866161,-1.3922243739502527,0.3606179430636963,0.11049188247425427,0.1269287728989224,-2.896338088069025,1.8647316571824684,-3.1039708819788623,2.0723644510923056,1.6919763048467145,0.0,0.1269287728989224,0.38381123608567475,False,REML random effects with modified Hartung-Knapp primary t inference,2.0,1.0
CCL8,MACROPHAGE_RECRUITMENT,analysis_defined_145_gene_focused_universe,three-study synthesis with GSE30122 represented by glomerular GSE30528,GSE142025_C1;GSE96804;GSE30528,True,UP,UP,True,3.0,0.48434683726974953,0.7387205288354093,1.0005572604375954,0.5449253272057338,0.5449253272057338,-1.8602776093125644,2.8289712838520633,-1.8602776093125644,2.8289712838520633,0.46787251159145604,0.46787251159145604,-12.446450901816641,13.41514457635614,-12.446450901816641,13.41514457635614,12.121540528929977,83.50044703289419,0.46787251159145604,0.7529520984391582,False,REML random effects with modified Hartung-Knapp primary t inference,2.0,1.0
PLAU,COAGULATION_CASCADE,analysis_defined_145_gene_focused_universe,three-study synthesis with GSE30122 represented by glomerular GSE30528,GSE142025_C1;GSE96804;GSE30528,True,UP,UP,True,3.0,0.7544663941152007,0.0,0.3178270221834008,0.11663282882723922,0.20688328319045543,0.252635834789497,1.2562969534409043,-0.13568052903271233,1.6446133172631137,0.023074094858594612,0.06765075115731058,-0.7274942079529402,2.2364269961833414,-1.8742349586479867,3.3831677468783883,0.6356540443668016,0.0,0.06765075115731058,0.38381123608567475,False,REML random effects with modified Hartung-Knapp primary t inference,2.0,1.0
PLVAP,ENDOTHELIAL_ACTIVATION,analysis_defined_145_gene_focused_universe,three-study synthesis with GSE30122 represented by glomerular GSE30528,GSE142025_C1;GSE96804;GSE30528,True,UP,UP,True,3.0,0.4717878723957663,0.4751600577290818,1.0000062315126768,0.45537639384546175,0.45537639384546175,-1.487538611622595,2.4311143564141275,-1.487538611622595,2.4311143564141275,0.40902610115018234,0.40902610115018234,-10.025473125469674,10.969048870261208,-10.025473125469674,10.969048870261208,8.674690119236386,76.94442138555544,0.40902610115018234,0.6896370310090284,False,REML random effects with modified Hartung-Knapp primary t inference,2.0,1.0
ICAM1,ENDOTHELIAL_ACTIVATION;LEUKOCYTE_ADHESION,analysis_defined_145_gene_focused_universe,three-study synthesis with GSE30122 represented by glomerular GSE30528,GSE142025_C1;GSE96804;GSE30528,True,UP,UP,True,3.0,0.11450244963728907,0.061524070275591265,0.9218075161779775,0.24206933136512146,0.2521271694332571,-0.9270378197365707,1.1560427190111489,-0.9703132041552762,1.1993181034298543,0.6828003625171795,0.694248961160572,-4.289286120335741,4.518291019610319,-4.379475417281422,4.608480316556,2.7879964263909187,28.263896572169777,0.694248961160572,0.9733791666857065,False,REML random effects with modified Hartung-Knapp primary t inference,2.0,1.0
SKI,TGF_BETA_SIGNALING,analysis_defined_145_gene_focused_universe,three-study synthesis with GSE30122 represented by glomerular GSE30528,GSE142025_C1;GSE96804;GSE30528,True,UP,UP,True,3.0,0.007536772454100517,0.24656696426605024,1.078204527721459,0.3726574617629401,0.3726574617629401,-1.5958788726418496,1.6109524175500505,-1.5958788726418496,1.6109524175500505,0.9857006538585216,0.9857006538585216,-7.880965391192679,7.89603893610088,-7.880965391192679,7.89603893610088,5.2692711342577345,62.04408638232404,0.9857006538585216,1.0,False,REML random effects with modified Hartung-Knapp primary t inference,2.0,1.0
ID1,TGF_BETA_SIGNALING,analysis_defined_145_gene_focused_universe,three-study synthesis with GSE30122 represented by glomerular GSE30528,GSE142025_C1;GSE96804;GSE30528,True,DOWN,DOWN,True,3.0,-0.4187748423547588,0.5658141498264406,0.98601377061435,0.48378105247934494,0.4872000956024216,-2.500316708380285,1.6627670236707672,-2.5150276636067392,1.6774779788972216,0.4779409724523237,0.48061378085003614,-11.78254300702268,10.944993322313161,-11.80610135196983,10.96855166726031,10.374861785264816,80.72263475509087,0.48061378085003614,0.7529520984391582,False,REML random effects with modified Hartung-Knapp primary t inference,2.0,1.0
SERPINE1,COAGULATION_CASCADE;TGF_BETA_SIGNALING,analysis_defined_145_gene_focused_universe,three-study synthesis with GSE30122 represented by glomerular GSE30528,GSE142025_C1;GSE96804;GSE30528,True,UP,UP,True,3.0,0.024798180566125757,0.3581950908794096,0.9387256340513098,0.39469902380494115,0.4073771950397076,-1.673454651616607,1.7230510127488583,-1.7280044196874298,1.7776007808196812,0.9556176176722202,0.9569962666970167,-9.08460610979595,9.134202470928201,-9.174277039499176,9.223873400631428,7.918167002914865,74.74162897468881,0.9569962666970167,1.0,False,REML random effects with modified Hartung-Knapp primary t inference,2.0,1.0
THBS1,ECM_REMODELING,analysis_defined_145_gene_focused_universe,three-study synthesis with GSE30122 represented by glomerular GSE30528,GSE142025_C1;GSE96804;GSE30528,True,DOWN,UP,False,3.0,0.009437410602190997,0.5133559795514016,0.9561266390589735,0.45735609556712886,0.46773165445994647,-1.9584070424328854,1.9772818636372675,-2.00304946922519,2.0219242904295722,0.9854106092428376,0.9857341749577033,-10.791065157985242,10.809939979189624,-10.862566958333009,10.88144177953739,10.461272017548227,80.88186602312696,0.9857341749577033,1.0,False,REML random effects with modified Hartung-Knapp primary t inference,2.0,1.0
HIF1A,HYPOXIA,analysis_defined_145_gene_focused_universe,three-study synthesis with GSE30122 represented by glomerular GSE30528,GSE142025_C1;GSE96804;GSE30528,True,UP,UP,True,3.0,0.8059575940436512,0.009783884765291774,0.9471028082716494,0.21190452943647503,0.2177417342528086,-0.10579400797117455,1.717709196058477,-0.13090947320796764,1.74282466129527,0.0626972351767743,0.06586044831463672,-2.1654316300204357,3.7773468181077385,-2.232801004581199,3.8447161926685007,2.031388225701829,1.5451613485149835,0.06586044831463672,0.38381123608567475,False,REML random effects with modified Hartung-Knapp primary t inference,2.0,1.0
SLC2A1,HYPOXIA,analysis_defined_145_gene_focused_universe,three-study synthesis with GSE30122 represented by glomerular GSE30528,GSE142025_C1;GSE96804;GSE30528,True,DOWN,DOWN,True,3.0,-0.11086586539873153,0.1266421979473522,1.1207021357449087,0.31238031856012616,0.31238031856012616,-1.4549298957548087,1.2331981649573456,-1.4549298957548087,1.2331981649573456,0.7565909226855023,0.7565909226855023,-6.12754108451911,5.905809353721646,-6.12754108451911,5.905809353721646,3.9048724559977654,48.781937885626434,0.7565909226855023,1.0,False,REML random effects with modified Hartung-Knapp primary t inference,2.0,1.0
ENG,ENDOTHELIAL_ACTIVATION,analysis_defined_145_gene_focused_universe,three-study synthesis with GSE30122 represented by glomerular GSE30528,GSE142025_C1;GSE96804;GSE30528,True,DOWN,DOWN,True,3.0,-0.2149104027570643,0.014864679098492808,1.1955921318478857,0.23591309888390075,0.23591309888390075,-1.2299625416409556,0.800141736126827,-1.2299625416409556,0.800141736126827,0.4584706029176987,0.4584706029176987,-3.589111656613559,3.1592908510994304,-3.589111656613559,3.1592908510994304,2.6059041169662125,23.25120533105434,0.4584706029176987,0.7469464878996216,False,REML random effects with modified Hartung-Knapp primary t inference,2.0,1.0
C8G,COMPLEMENT_ACTIVATION,analysis_defined_145_gene_focused_universe,three-study synthesis with GSE30122 represented by glomerular GSE30528,GSE142025_C1;GSE96804;GSE30528,True,UP,UP,True,3.0,0.765921243144134,0.0,0.8573528564637285,0.19266995860996047,0.20808185197065127,-0.06307068019945505,1.5949131664877232,-0.1293827052376172,1.6612251915258853,0.05784314480160129,0.0665266744448348,-1.6821826975139216,3.21402518380219,-1.8780093699309173,3.409851856219185,1.714705712927457,0.0,0.0665266744448348,0.38381123608567475,False,REML random effects with modified Hartung-Knapp primary t inference,2.0,1.0
CD34,LEUKOCYTE_ADHESION,analysis_defined_145_gene_focused_universe,three-study synthesis with GSE30122 represented by glomerular GSE30528,GSE142025_C1;GSE96804;GSE30528,True,UP,DOWN,False,3.0,-0.00520267409541129,0.10650911094025978,0.8896608126682839,0.26597309555926746,0.28198465604821954,-1.1495925397292261,1.1391871915384038,-1.2184847241737107,1.2080793759828883,0.9861696752911788,0.9869548466016123,-5.3546627304222305,5.344257382231408,-5.485458997721492,5.475053649530669,3.494658665759406,42.76980411288922,0.9869548466016123,1.0,False,REML random effects with modified Hartung-Knapp primary t inference,2.0,1.0
FGA,COAGULATION_CASCADE,analysis_defined_145_gene_focused_universe,three-study synthesis with GSE30122 represented by glomerular GSE30528,GSE142025_C1;GSE96804;GSE30528,True,UP,UP,True,3.0,0.16872859073980712,0.0,0.13978211677731828,0.07486073036644611,0.20022958787938175,-0.1533711351184291,0.4908283165980433,-0.6927897921153483,1.0302469735949624,0.1529364230300129,0.4881206707122818,-0.7824671760150965,1.1199243574947106,-2.3754295471470397,2.712886728626654,0.27956423355463655,0.0,0.4881206707122818,0.7529520984391582,False,REML random effects with modified Hartung-Knapp primary t inference,2.0,1.0
FGB,COAGULATION_CASCADE,analysis_defined_145_gene_focused_universe,three-study synthesis with GSE30122 represented by glomerular GSE30528,GSE142025_C1;GSE96804;GSE30528,True,UP,UP,True,3.0,0.2598551951084859,0.0,0.2212405504027805,0.09450181446650559,0.2009128813622095,-0.14675329486706268,0.6664636850840345,-0.604603162315742,1.1243135525327137,0.11072045582501489,0.3251235901641987,-0.9409042074672544,1.4606145976842264,-2.29298500966624,2.8126953998832116,0.442481100805561,0.0,0.3251235901641987,0.5749136655342537,False,REML random effects with modified Hartung-Knapp primary t inference,2.0,1.0
CXCL8,MACROPHAGE_RECRUITMENT,analysis_defined_145_gene_focused_universe,three-study synthesis with GSE30122 represented by glomerular GSE30528,GSE142025_C1;GSE30528,False,NOT_ESTIMABLE,DOWN,False,2.0,-0.10106502311394559,0.0,0.2680817472586277,0.1522122985377089,0.29397887359075514,-2.0351056517369983,1.8329756055091073,-3.8364207791437708,3.6342907329158796,0.6268541070828951,0.7891987401564298,,,,,0.2680817472586277,0.0,1.0,1.0,False,REML random effects with modified Hartung-Knapp primary t inference,,
ESAM,ENDOTHELIAL_ACTIVATION;LEUKOCYTE_ADHESION,analysis_defined_145_gene_focused_universe,three-study synthesis with GSE30122 represented by glomerular GSE30528,GSE142025_C1;GSE96804,False,UP,UP,True,2.0,0.38529027137723154,0.0,0.3009938747306796,0.12466368505709424,0.2272276262561407,-1.1987120341562985,1.9692925769107614,-2.501910469606765,3.2724910123612285,0.1992154870918889,0.339225278417757,,,,,0.3009938747306796,0.0,1.0,1.0,False,REML random effects with modified Hartung-Knapp primary t inference,,
C5AR1,COMPLEMENT_ACTIVATION,analysis_defined_145_gene_focused_universe,three-study synthesis with GSE30122 represented by glomerular GSE30528,GSE142025_C1;GSE96804;GSE30528,True,DOWN,DOWN,True,3.0,-0.6293550790695898,0.14199469546156612,0.901453403389274,0.29009789732665453,0.30554342293343023,-1.877545588881231,0.6188354307420515,-1.944002321794816,0.6852921636556365,0.16227456451398792,0.17560479916363592,-6.67183994418923,5.413129786050051,-6.79352092164491,5.534810763505731,4.046900260533061,50.57945906142598,0.17560479916363592,0.4315711165885967,False,REML random effects with modified Hartung-Knapp primary t inference,2.0,1.0
CXCL9,MACROPHAGE_RECRUITMENT,analysis_defined_145_gene_focused_universe,three-study synthesis with GSE30122 represented by glomerular GSE30528,GSE142025_C1;GSE96804;GSE30528,True,DOWN,DOWN,True,3.0,-0.017248134149849298,0.08091069730718027,0.8866690668178023,0.24988644881476269,0.26537617279716613,-1.0924227452567632,1.0579264769570644,-1.1590696484318912,1.1245733801321924,0.9512507704454881,0.9540900280747991,-4.828085302025428,4.7935890337257305,-4.960193853688361,4.925697585388663,3.057527453471811,34.58766828964995,0.9540900280747991,1.0,False,REML random effects with modified Hartung-Knapp primary t inference,2.0,1.0
TGFBR1,TGF_BETA_SIGNALING,analysis_defined_145_gene_focused_universe,three-study synthesis with GSE30122 represented by glomerular GSE30528,GSE142025_C1;GSE96804;GSE30528,True,UP,UP,True,3.0,0.7927231782639862,0.046104277301092005,1.0014436727951435,0.24741369565167415,0.24741369565167415,-0.2718120346959,1.8572583912238723,-0.2718120346959,1.8572583912238723,0.08515252944544217,0.08515252944544217,-3.369752970328234,4.9551993268562065,-3.369752970328234,4.9551993268562065,2.642865677244941,24.32456869753204,0.08515252944544217,0.38381123608567475,False,REML random effects with modified Hartung-Knapp primary t inference,2.0,1.0
CCL20,MACROPHAGE_RECRUITMENT,analysis_defined_145_gene_focused_universe,three-study synthesis with GSE30122 represented by glomerular GSE30528,GSE142025_C1;GSE96804;GSE30528,True,DOWN,DOWN,True,3.0,-0.026792207705829556,0.0,0.20583316034967686,0.09072237736149207,0.19996627251404095,-0.41713909230477686,0.3635546768931177,-0.8871776359855305,0.8335932205738713,0.7955860413735779,0.9056816106285798,-1.1795293086368,1.1259448932251408,-2.5676046066504075,2.5140201912387488,0.4116663206993537,0.0,0.9056816106285798,1.0,False,REML random effects with modified Hartung-Knapp primary t inference,2.0,1.0
SELE,ENDOTHELIAL_ACTIVATION;LEUKOCYTE_ADHESION,analysis_defined_145_gene_focused_universe,three-study synthesis with GSE30122 represented by glomerular GSE30528,GSE142025_C1;GSE96804;GSE30528,True,UP,UP,True,3.0,0.29349840091084695,0.03339274151931984,1.1055463889441086,0.24376454431758654,0.24376454431758654,-0.7553357811003529,1.342332582922047,-0.7553357811003529,1.342332582922047,0.35174457062498454,0.35174457062498454,-3.5774942533153893,4.164491055137083,-3.5774942533153893,4.164491055137083,2.690159893773992,25.654976693811882,0.35174457062498454,0.6071781278645566,False,REML random effects with modified Hartung-Knapp primary t inference,2.0,1.0
PDGFB,FIBROSIS,analysis_defined_145_gene_focused_universe,three-study synthesis with GSE30122 represented by glomerular GSE30528,GSE142025_C1;GSE96804;GSE30528,True,UP,UP,True,3.0,0.8558211801770467,0.7172513129158083,0.9825434119516643,0.5352639190208096,0.5399979306127848,-1.4472335821056945,3.158875942459788,-1.4676023900043194,3.179244750358413,0.2509621376428177,0.2538658773529319,-11.874241046749459,13.585883407103553,-11.906478830005307,13.618121190359401,12.156145758631741,83.54741675765234,0.2538658773529319,0.4861768554710769,False,REML random effects with modified Hartung-Knapp primary t inference,2.0,1.0
LGALS3,MACROPHAGE_RECRUITMENT,analysis_defined_145_gene_focused_universe,three-study synthesis with GSE30122 represented by glomerular GSE30528,GSE142025_C1;GSE96804;GSE30528,True,UP,UP,True,3.0,0.5747678753102096,0.0,1.0629003867312206,0.21160919169168776,0.21160919169168776,-0.33571299095082496,1.485248741571244,-0.33571299095082496,1.485248741571244,0.11302416693598621,0.11302416693598621,-2.1139818384352806,3.2635175890557,-2.1139818384352806,3.2635175890557,2.125800773462441,5.917806364212605,0.11302416693598621,0.38381123608567475,False,REML random effects with modified Hartung-Knapp primary t inference,2.0,1.0
ANGPT2,ENDOTHELIAL_ACTIVATION,analysis_defined_145_gene_focused_universe,three-study synthesis with GSE30122 represented by glomerular GSE30528,GSE142025_C1;GSE96804;GSE30528,True,UP,UP,True,3.0,0.9030204842685762,0.5413711128461436,0.9608215092769002,0.4711577588996653,0.48066775497242364,-1.1242077331785856,2.9302487017157377,-1.1651259437404389,2.971166912277591,0.19534187336058778,0.2010635742041574,-10.198456448876511,12.004497417413665,-10.264082587713371,12.070123556250525,10.207744879231274,80.40703383889219,0.2010635742041574,0.4702293267677875,False,REML random effects with modified Hartung-Knapp primary t inference,2.0,1.0
SKIL,TGF_BETA_SIGNALING,analysis_defined_145_gene_focused_universe,three-study synthesis with GSE30122 represented by glomerular GSE30528,GSE142025_C1;GSE96804;GSE30528,True,UP,UP,True,3.0,0.5672955109706042,2.4619269819874714,0.9942868019742447,0.9321706846322693,0.9348449870757266,-3.443511229805151,4.578102251746359,-3.4550178245135257,4.589608846454734,0.6047185269957555,0.6056732634357946,-22.622378100834894,23.756969122776106,-22.63975222377978,23.774343245720992,35.98169258559699,94.44161778870688,0.6056732634357946,0.8695309227543587,False,REML random effects with modified Hartung-Knapp primary t inference,2.0,1.0
EPAS1,HYPOXIA,analysis_defined_145_gene_focused_universe,three-study synthesis with GSE30122 represented by glomerular GSE30528,GSE142025_C1;GSE96804;GSE30528,True,DOWN,DOWN,True,3.0,-0.5350251809323557,0.14276856446706343,1.0316091695596474,0.3114414881602567,0.3114414881602567,-1.8750497501057128,0.8049993882410013,-1.8750497501057128,0.8049993882410013,0.22795350740383555,0.22795350740383555,-6.756712299469312,5.686661937604601,-6.756712299469312,5.686661937604601,4.038889450395697,50.48143742077277,0.22795350740383555,0.48057710728268455,False,REML random effects with modified Hartung-Knapp primary t inference,2.0,1.0
F12,COAGULATION_CASCADE,analysis_defined_145_gene_focused_universe,three-study synthesis with GSE30122 represented by glomerular GSE30528,GSE142025_C1;GSE96804;GSE30528,True,DOWN,UP,False,3.0,0.45939760312509936,0.7156739789746089,1.0595702896972372,0.555888375661038,0.555888375661038,-1.9323970338192202,2.8511922400694187,-1.9323970338192202,2.8511922400694187,0.4954628576777117,0.4954628576777117,-12.402682844749993,13.321478051000192,-12.402682844749993,13.321478051000192,9.31898076821549,78.53842550226676,0.4954628576777117,0.7562327827712442,False,REML random effects with modified Hartung-Knapp primary t inference,2.0,1.0
SMAD3,TGF_BETA_SIGNALING,analysis_defined_145_gene_focused_universe,three-study synthesis with GSE30122 represented by glomerular GSE30528,GSE142025_C1;GSE96804;GSE30528,True,UP,UP,True,3.0,0.28582864671463504,0.10457935625094233,1.1317431351586285,0.30098673788167374,0.30098673788167374,-1.0092127626342857,1.5808700560635556,-1.0092127626342857,1.5808700560635556,0.44252725909813473,0.44252725909813473,-5.327558808393955,5.899216101823225,-5.327558808393955,5.899216101823225,3.6333568519742423,44.95448475111196,0.44252725909813473,0.7291642337412447,False,REML random effects with modified Hartung-Knapp primary t inference,2.0,1.0
PDGFA,FIBROSIS,analysis_defined_145_gene_focused_universe,three-study synthesis with GSE30122 represented by glomerular GSE30528,GSE142025_C1;GSE96804;GSE30528,True,DOWN,DOWN,True,3.0,-0.3197918969073369,0.0,0.7004223947397923,0.16900455517826446,0.20193816177576365,-1.0469598075761786,0.4073760137615049,-1.1886616799016476,0.5490778860869737,0.19899674415446383,0.2541263130924931,-2.467198376392,1.8276145825773265,-2.885659524528936,2.2460757307142623,1.4008447894795846,0.0,0.2541263130924931,0.4861768554710769,False,REML random effects with modified Hartung-Knapp primary t inference,2.0,1.0
C2,COMPLEMENT_ACTIVATION,analysis_defined_145_gene_focused_universe,three-study synthesis with GSE30122 represented by glomerular GSE30528,GSE96804;GSE30528,False,NOT_ESTIMABLE,UP,False,2.0,0.9623466014599528,0.7126492611270462,1.0000000110147695,0.6610539361797504,0.6610539361797504,-7.4371400534642715,9.361833256384177,-7.4371400534642715,9.361833256384177,0.38317669962293716,0.38317669962293716,,,,,5.148087675306773,80.57531139579105,1.0,1.0,False,REML random effects with modified Hartung-Knapp primary t inference,,
C4A,COMPLEMENT_ACTIVATION,analysis_defined_145_gene_focused_universe,three-study synthesis with GSE30122 represented by glomerular GSE30528,GSE30528,False,NOT_ESTIMABLE,NOT_ESTIMABLE,True,1.0,,,,,,,,,,,,,,,,,,1.0,1.0,False,REML random effects with modified Hartung-Knapp primary t inference,,
C4B,COMPLEMENT_ACTIVATION,analysis_defined_145_gene_focused_universe,three-study synthesis with GSE30122 represented by glomerular GSE30528,GSE96804,False,NOT_ESTIMABLE,NOT_ESTIMABLE,True,1.0,,,,,,,,,,,,,,,,,,1.0,1.0,False,REML random effects with modified Hartung-Knapp primary t inference,,
C8A,COMPLEMENT_ACTIVATION,analysis_defined_145_gene_focused_universe,three-study synthesis with GSE30122 represented by glomerular GSE30528,GSE96804;GSE30528,False,NOT_ESTIMABLE,UP,False,2.0,0.42556591508406566,0.2587321992969765,1.0000000026509985,0.4418952000358296,0.4418952000358296,-5.189244968617801,6.040376798785933,-5.189244968617801,6.040376798785933,0.5119824599123386,0.5119824599123386,,,,,2.7997954846997706,64.28310548164082,1.0,1.0,False,REML random effects with modified Hartung-Knapp primary t inference,,
C8B,COMPLEMENT_ACTIVATION,analysis_defined_145_gene_focused_universe,three-study synthesis with GSE30122 represented by glomerular GSE30528,GSE96804;GSE30528,False,NOT_ESTIMABLE,DOWN,False,2.0,-0.1662487010008029,0.0,0.18694651419911978,0.10004465786806852,0.23138500852045293,-1.4374366066587836,1.1049392046571778,-3.1062739922027625,2.773776590201157,0.34487294325418144,0.6033665292431336,,,,,0.18694651419911978,0.0,1.0,1.0,False,REML random effects with modified Hartung-Knapp primary t inference,,
C9,COMPLEMENT_ACTIVATION,analysis_defined_145_gene_focused_universe,three-study synthesis with GSE30122 represented by glomerular GSE30528,GSE96804;GSE30528,False,NOT_ESTIMABLE,DOWN,False,2.0,-0.06306095487052678,0.0,0.031094006324029286,0.04072458864568753,0.23095021185388476,-0.5805159160096104,0.45439400626855686,-2.9975616306083532,2.8714397208672997,0.36504734838039127,0.8303074671838679,,,,,0.031094006324029286,0.0,1.0,1.0,False,REML random effects with modified Hartung-Knapp primary t inference,,
CA9,HYPOXIA,analysis_defined_145_gene_focused_universe,three-study synthesis with GSE30122 represented by glomerular GSE30528,GSE96804;GSE30528,False,NOT_ESTIMABLE,DOWN,False,2.0,-0.3796745475348898,0.0,0.3208896907926763,0.13203826395305224,0.23308907756771313,-2.0573797623654335,1.2980306672956539,-3.341352088936355,2.582002993866575,0.21306651079517838,0.3505168572706337,,,,,0.3208896907926763,0.0,1.0,1.0,False,REML random effects with modified Hartung-Knapp primary t inference,,
CCL7,MACROPHAGE_RECRUITMENT,analysis_defined_145_gene_focused_universe,three-study synthesis with GSE30122 represented by glomerular GSE30528,GSE96804;GSE30528,False,NOT_ESTIMABLE,UP,False,2.0,0.23117768599710456,0.0,0.8329732982798534,0.21193888259481727,0.23221758292056993,-2.4617611478632884,2.9241165198574977,-2.719426465991054,3.1817818379852634,0.47237721099954194,0.5014286244936514,,,,,0.8329732982798534,0.0,1.0,1.0,False,REML random effects with modified Hartung-Knapp primary t inference,,
CXCL11,MACROPHAGE_RECRUITMENT,analysis_defined_145_gene_focused_universe,three-study synthesis with GSE30122 represented by glomerular GSE30528,GSE96804;GSE30528,False,NOT_ESTIMABLE,UP,False,2.0,0.3165120968562427,0.0,0.41285104220196334,0.149414930810684,0.23253980578578776,-1.5819846047041441,2.21500879841663,-2.6381862848281337,3.2712104785406186,0.28078280016837154,0.40338370115139804,,,,,0.41285104220196334,0.0,1.0,1.0,False,REML random effects with modified Hartung-Knapp primary t inference,,
F2,COAGULATION_CASCADE,analysis_defined_145_gene_focused_universe,three-study synthesis with GSE30122 represented by glomerular GSE30528,GSE96804;GSE30528,False,NOT_ESTIMABLE,UP,False,2.0,0.29344835455757895,0.0,0.03898793269430423,0.04583231545064765,0.23211686406453547,-0.2889064291030901,0.8758031382182481,-2.6558760430249864,3.2427727521401444,0.09863377436460934,0.4260433631444001,,,,,0.03898793269430423,0.0,1.0,1.0,False,REML random effects with modified Hartung-Knapp primary t inference,,
