cohort,gene_symbol,hedges_g_highest_mean,hedges_g_median_probe,direction_changed
GSE30528,A2M,0.16704891993309604,0.16704891993309604,False
GSE30528,ACAN,0.5484305571963908,0.3117703903549808,False
GSE30528,ACKR2,0.344626265237382,0.344626265237382,False
GSE30528,ACKR3,-0.30176047508874,-0.30176047508874,False
GSE30528,ACKR4,1.833548981979086,1.833548981979086,False
GSE30528,ACTA1,-0.022447544398542435,-0.022447544398542435,False
GSE30528,ACTA2,-0.03624218734226436,1.3698978146110152,True
GSE30528,ACTB,1.2360586549216903,0.011232069710047062,False
GSE30528,ACTC1,0.8863494989223779,0.8863494989223779,False
GSE30528,ACTG2,1.3427966839275816,1.3427966839275816,False
GSE30528,ACTN1,2.786007204281294,1.5472151392086257,False
GSE30528,ADAM10,0.739494243695451,0.621297839832728,False
GSE30528,ADAM12,0.9569261508140273,1.1120700959779732,False
GSE30528,ADAM15,0.9356605274604919,0.9356605274604919,False
GSE30528,ADAM17,-0.2801686082104607,-1.4918203541583517,False
GSE30528,ADAM19,0.8167235923958163,0.6505778957307159,False
GSE30528,ADAM8,2.003607009756364,1.7275825554042605,False
GSE30528,ADAM9,-0.45393123134109215,-0.45393123134109215,False
GSE30528,ADAMTS1,-0.14048366556888953,-0.14048366556888953,False
GSE30528,ADAMTS13,0.7250750226870387,0.7250750226870387,False
GSE30528,ADAMTS2,1.1007752196549458,0.8296094848098169,False
GSE30528,ADAMTS3,0.42995759541186374,0.42995759541186374,False
GSE30528,ADAMTS5,-0.07374077548842423,-0.07374077548842423,False
GSE30528,ADAMTS8,-0.23989367819746266,0.12037476123225897,True
GSE30528,ADAMTS9,-0.42565950371728467,-0.42565950371728467,False
GSE30528,ADRM1,-0.18384380296041572,-0.18384380296041572,False
GSE30528,AGRN,1.0257474557963169,-0.03000855412647762,True
GSE30528,ANGPT1,0.41986805815020894,0.9176136269631137,False
GSE30528,ANGPT2,0.7324920220054266,1.0353258409654191,False
GSE30528,ANGPT4,1.0482023719951086,1.0482023719951086,False
GSE30528,APOB,0.10318601225218486,0.10318601225218486,False
GSE30528,APP,0.9447000390249253,0.08481748042713326,False
GSE30528,ARHGEF18,-1.074754221475998,-1.074754221475998,False
GSE30528,ARNT,0.6695691498975901,0.2959962780873885,False
GSE30528,ASPN,0.33400994214049023,0.33400994214049023,False
GSE30528,ATP1B1,0.6224563581892514,0.23463052684970878,False
GSE30528,ATP1B2,-0.4227734870145994,-0.4227734870145994,False
GSE30528,ATP1B3,-0.34240647790801815,-0.34240647790801815,False
GSE30528,ATP1B4,-0.5095030782455477,-0.5095030782455477,False
GSE30528,BAMBI,-1.407124240881264,-1.407124240881264,False
GSE30528,BCAN,0.46342907707847275,0.36553953876492434,False
GSE30528,BGN,-1.4427263866427538,-1.0693020093284198,False
GSE30528,BMP1,-0.03958550790403071,-0.09328910722837624,False
GSE30528,BMP10,0.5276658374295683,0.5276658374295683,False
GSE30528,BMP2,-1.9502564999191525,-2.0926405769373386,False
GSE30528,BMP4,0.09238044901354447,0.09238044901354447,False
GSE30528,BMP7,0.027238414751310232,-2.268019399974846,True
GSE30528,BSG,-0.26279064860648405,-0.26279064860648405,False
GSE30528,C1QA,3.2526319624482727,3.2526319624482727,False
GSE30528,C1QB,2.753213858861744,2.753213858861744,False
GSE30528,C1R,-0.5232417110511719,-0.5232417110511719,False
GSE30528,C1S,0.485894069005754,0.485894069005754,False
GSE30528,C2,1.699688379223627,1.699688379223627,False
GSE30528,C3,1.7690556878083523,1.7690556878083523,False
GSE30528,C3AR1,1.739113003739101,1.739113003739101,False
GSE30528,C4A,0.9279328477511997,1.1823787851082013,False
GSE30528,C4BPA,0.607325471073371,0.607325471073371,False
GSE30528,C4BPB,0.7468944576637115,0.7468944576637115,False
GSE30528,C5,-0.20560998636458633,-0.20560998636458633,False
GSE30528,C5AR1,-0.3524687597215759,-0.3524687597215759,False
GSE30528,C5AR2,0.04930285168937814,0.04930285168937814,False
GSE30528,C6,0.487970247624606,0.487970247624606,False
GSE30528,C7,2.0544041252880985,2.0544041252880985,False
GSE30528,C8A,0.95145344213092,0.95145344213092,False
GSE30528,C8B,-0.007681025251898256,-0.007681025251898256,False
GSE30528,C8G,1.116061279069155,1.116061279069155,False
GSE30528,C9,0.0016557081415917924,0.0016557081415917924,False
GSE30528,CA9,-0.17190863574283569,-0.17190863574283569,False
GSE30528,CAPN1,2.223675100328486,2.223675100328486,False
GSE30528,CAPN10,-0.3024597989782837,0.6336901436816098,True
GSE30528,CAPN11,0.29757745972140387,0.29757745972140387,False
GSE30528,CAPN15,1.2132934771025126,1.2132934771025126,False
GSE30528,CAPN2,-0.5275511220861994,-3.0515793235803024,False
GSE30528,CAPN3,1.1693904801599975,1.0654046226253573,False
GSE30528,CAPN5,0.463369851248972,0.463369851248972,False
GSE30528,CAPN6,-0.05703645302573942,0.0784701385194937,True
GSE30528,CAPN7,0.4789036102241572,0.07666043976715009,False
GSE30528,CAPN9,-0.40335098383731305,-0.40456864510275276,False
GSE30528,CAPNS1,-0.48095431268446276,-0.48095431268446276,False
GSE30528,CASK,1.193653349549337,1.1010067345528762,False
GSE30528,CASP3,0.8538341288550603,0.8538341288550603,False
GSE30528,CAST,-1.399575773890554,-1.8643391703952814,False
GSE30528,CAV1,-0.23911493992490207,-0.18768659713593935,False
GSE30528,CBL,0.020547814067688276,0.020547814067688276,False
GSE30528,CCL1,0.9563554244841878,0.9563554244841878,False
GSE30528,CCL11,0.6593285973981639,0.6593285973981639,False
GSE30528,CCL13,0.7919347389307786,0.6173833147698408,False
GSE30528,CCL16,0.18723220497649135,0.18723220497649135,False
GSE30528,CCL17,0.4047679282085362,0.4047679282085362,False
GSE30528,CCL19,1.5069139571202435,1.5069139571202435,False
GSE30528,CCL2,0.8337421372468541,0.8337421372468541,False
GSE30528,CCL20,0.06053097681544786,0.06053097681544786,False
GSE30528,CCL21,1.2370552165018476,1.2370552165018476,False
GSE30528,CCL22,0.8343376283401015,0.8343376283401015,False
GSE30528,CCL25,0.23568962739054736,0.23568962739054736,False
GSE30528,CCL27,0.8161577049371851,0.8161577049371851,False
GSE30528,CCL3,0.8868402714901146,0.8868402714901146,False
GSE30528,CCL4,0.41500383063616847,0.41500383063616847,False
GSE30528,CCL5,1.557254936650136,1.5358374912201098,False
GSE30528,CCL7,-0.1034206212512299,-0.1034206212512299,False
GSE30528,CCNC,-0.12944884281058391,-0.12944884281058391,False
GSE30528,CCNK,-0.06538367915698218,-0.06538367915698218,False
GSE30528,CCNT1,-0.30645803079684564,-0.30645803079684564,False
GSE30528,CCNT2,-0.21831022793135468,-0.3029619769412568,False
GSE30528,CCR1,1.2442573299766135,1.1362731855915222,False
GSE30528,CCR10,0.8844427274532662,0.8844427274532662,False
GSE30528,CCR2,1.442158011706048,1.5265742470822796,False
GSE30528,CCR3,0.3531063493823161,0.3531063493823161,False
GSE30528,CCR4,0.808389365821919,0.808389365821919,False
GSE30528,CCR5,1.7052733688788817,1.7052733688788817,False
GSE30528,CCR6,1.1744946262045017,1.1744946262045017,False
GSE30528,CCR7,1.631430180651678,1.631430180651678,False
GSE30528,CCR8,0.5023449762980527,0.5023449762980527,False
GSE30528,CCR9,0.6436397333051682,0.6436397333051682,False
GSE30528,CCRL2,-0.16681707088921074,-0.16681707088921074,False
GSE30528,CD151,-1.0014162391689547,-1.0014162391689547,False
GSE30528,CD177,-0.12905028236117974,-0.12905028236117974,False
GSE30528,CD19,0.5199023524534827,0.5199023524534827,False
GSE30528,CD2,1.8103775487726226,1.8103775487726226,False
GSE30528,CD244,0.5596251110508027,0.5596251110508027,False
GSE30528,CD44,1.3099721135707254,1.8732732639167955,False
GSE30528,CD46,-0.6988500991261435,-0.7842875581417291,False
GSE30528,CD47,-0.003990359139936648,-1.7858577197653172,False
GSE30528,CD48,1.9028751887327249,1.9028751887327249,False
GSE30528,CD55,-0.993858972739747,-1.703672188313608,False
GSE30528,CD58,0.8913696808841468,-0.4367313795030891,True
GSE30528,CD59,0.38050597352487536,-0.8850845621952922,True
GSE30528,CD74,0.7294078084285268,0.7294078084285268,False
GSE30528,CD81,-0.9200885253041531,-0.9200885253041531,False
GSE30528,CD84,0.5523493102633424,0.6867452515418778,False
GSE30528,CD99,0.1613787085588502,-0.11442419938565339,True
GSE30528,CDH1,-0.10491668713189516,0.15723397277131118,True
GSE30528,CDK8,0.521605015784834,0.521605015784834,False
GSE30528,CDK9,0.6142421777931697,0.6142421777931697,False
GSE30528,CDKN2B,0.5676012068807667,0.5676012068807667,False
GSE30528,CEACAM1,-0.8636879991631203,-0.33561523603216076,False
GSE30528,CEACAM3,0.16503982200498366,0.0890053737843859,False
GSE30528,CEACAM5,0.13088926715539898,1.155550766032421,False
GSE30528,CEACAM6,0.3827420094904285,0.44937229524568434,False
GSE30528,CEACAM8,0.171939680979223,0.171939680979223,False
GSE30528,CFB,1.9254051262022793,2.1467387549669987,False
GSE30528,CFD,1.0171379830137932,1.0171379830137932,False
GSE30528,CFH,-0.653942240565657,-1.4998696229814727,False
GSE30528,CFHR2,-1.2945113278211369,-1.2945113278211369,False
GSE30528,CFHR4,1.140096211647329,1.140096211647329,False
GSE30528,CFHR5,-0.4578978718725539,-0.4578978718725539,False
GSE30528,CFI,0.8139902726539727,0.8139902726539727,False
GSE30528,CFP,0.19120212490183594,0.19120212490183594,False
GSE30528,CITED2,-1.7079988608807142,-3.243400748975061,False
GSE30528,CLU,1.2320439958021885,1.3040440750942834,False
GSE30528,CMA1,0.827411204281467,0.827411204281467,False
GSE30528,COL10A1,0.8283795613791968,0.4425398161320083,False
GSE30528,COL11A1,0.17424878725546822,0.19980543802453785,False
GSE30528,COL11A2,0.4134028771990453,0.31793814641552737,False
GSE30528,COL13A1,-0.008160123012019767,0.42565785131347905,True
GSE30528,COL14A1,1.9018762488075314,1.3051071560383585,False
GSE30528,COL15A1,1.2396688467174448,1.2396688467174448,False
GSE30528,COL16A1,1.7254306117431066,1.7254306117431066,False
GSE30528,COL17A1,-0.008323338569788594,-0.008323338569788594,False
GSE30528,COL18A1,0.20094994056669446,0.2380387749013062,False
GSE30528,COL19A1,0.22694736420879666,0.22694736420879666,False
GSE30528,COL1A1,2.1097048478718863,1.4619570679879472,False
GSE30528,COL1A2,2.224604424410563,2.131588873091366,False
GSE30528,COL21A1,0.3056445841790095,0.3056445841790095,False
GSE30528,COL2A1,0.9001387308453723,0.6432486811859388,False
GSE30528,COL3A1,0.7364691703540283,0.7193687551379745,False
GSE30528,COL4A1,0.2378117773011566,0.22046230879267373,False
GSE30528,COL4A2,-0.3692051848510574,0.08929894562677201,True
GSE30528,COL4A3,-1.1703623529102412,-1.9535009971691042,False
GSE30528,COL4A4,-1.0633381497080832,-1.0633381497080832,False
GSE30528,COL4A5,-2.1317731219973988,-2.1317731219973988,False
GSE30528,COL4A6,0.6101568763030781,-0.4260446130866664,True
GSE30528,COL5A1,0.5718222824178228,0.8434430374035629,False
GSE30528,COL5A2,0.9670218613571269,1.4012221092799602,False
GSE30528,COL5A3,0.4173065285276114,0.3571544965528794,False
GSE30528,COL6A1,0.07210843574107959,0.6985151473278773,False
GSE30528,COL6A2,0.5926639072318265,0.8197930253018146,False
GSE30528,COL6A3,2.020542503254302,2.020542503254302,False
GSE30528,COL7A1,0.779233256615271,-0.5709999108266677,True
GSE30528,COL8A1,0.2393033331160098,0.38673650686341793,False
GSE30528,COL8A2,1.1624116887089537,1.1394966446519161,False
GSE30528,COL9A1,-0.5281611876338416,-0.5281611876338416,False
GSE30528,COL9A2,0.9961982923901913,0.9961982923901913,False
GSE30528,COL9A3,-0.45302988093538454,-0.45302988093538454,False
GSE30528,COLEC10,-0.27607818047111604,-0.27607818047111604,False
GSE30528,COLEC11,0.47669798286100984,0.47669798286100984,False
GSE30528,COLGALT1,0.9589593349081321,0.9589593349081321,False
GSE30528,COLGALT2,-2.435128400007282,-2.435128400007282,False
GSE30528,COMP,1.2256656776459716,1.2256656776459716,False
GSE30528,CPB2,0.3676627316172731,0.3676627316172731,False
GSE30528,CPN1,0.916608437519877,0.916608437519877,False
GSE30528,CPN2,0.34692229450113043,0.34692229450113043,False
GSE30528,CR1,-0.23992384672108663,-2.073000854307003,False
GSE30528,CR2,0.45946896279994925,0.45946896279994925,False
GSE30528,CREBBP,0.9781676941415183,-0.2003015323036897,True
GSE30528,CRP,0.7614858651365081,0.9511340801097629,False
GSE30528,CRTAP,0.05115079535990965,0.05115079535990965,False
GSE30528,CTRB1,0.3157209618355573,0.3157209618355573,False
GSE30528,CTRB2,1.0950916081907618,1.0950916081907618,False
GSE30528,CTSB,0.5524680118177367,1.0184768575427567,False
GSE30528,CTSD,0.7119960746856645,0.7119960746856645,False
GSE30528,CTSG,1.8953870201211598,1.8953870201211598,False
GSE30528,CTSK,1.0951453357418153,1.0951453357418153,False
GSE30528,CTSL,-0.10747976994307375,-0.10747976994307375,False
GSE30528,CTSS,1.2382762444751472,1.3120777202559817,False
GSE30528,CTSV,-1.7379336787838906,-1.7379336787838906,False
GSE30528,CUL2,-1.1254176826612816,-0.6925204661106544,False
GSE30528,CX3CL1,-0.6921218564501029,-0.7647776773391252,False
GSE30528,CX3CR1,0.6760629177023298,0.6760629177023298,False
GSE30528,CXADR,-3.3000274632759545,-3.3000274632759545,False
GSE30528,CXCL1,0.6487773748910929,0.6487773748910929,False
GSE30528,CXCL10,-0.0339962223923191,-0.0339962223923191,False
GSE30528,CXCL11,0.08118122971425437,0.16669312899676653,False
GSE30528,CXCL12,0.1745665363821563,0.4772057044450168,False
GSE30528,CXCL13,0.6407917183170408,0.6407917183170408,False
GSE30528,CXCL2,-0.35066082853866043,-0.35066082853866043,False
GSE30528,CXCL3,1.0043277383862395,1.0043277383862395,False
GSE30528,CXCL5,0.5857888443502702,0.7069581949273439,False
GSE30528,CXCL6,1.6087211428475652,1.6087211428475652,False
GSE30528,CXCL8,0.06407255353975448,0.28093496234083765,False
GSE30528,CXCL9,0.38932890046412255,0.38932890046412255,False
GSE30528,CXCR1,0.1613454663904196,0.1613454663904196,False
GSE30528,CXCR2,-0.6037474938878965,-0.6037474938878965,False
GSE30528,CXCR3,1.3559693284945424,1.2204323170855704,False
GSE30528,CXCR4,1.0690186168705273,1.0967465485831238,False
GSE30528,CXCR5,0.9486949113175955,1.2702487633834343,False
GSE30528,CXCR6,1.5273314053892186,1.7521477493246123,False
GSE30528,DAG1,-0.846972091914362,-2.1544725776167337,False
GSE30528,DCN,-2.177091637474276,-2.4186457503747447,False
GSE30528,DDR1,0.327714583037229,0.3624732608297762,False
GSE30528,DDR2,0.7308666883107255,0.7308666883107255,False
GSE30528,DMD,0.22565131038436717,-0.7483290056121361,True
GSE30528,DMP1,0.7097820999251887,0.6414917372280993,False
GSE30528,DOK2,1.7161638031969697,1.7161638031969697,False
GSE30528,DRP2,0.8046308137677899,0.8046308137677899,False
GSE30528,DSPP,0.5686737631433254,0.5686737631433254,False
GSE30528,DST,-2.2397060498829484,-0.782332059349962,False
GSE30528,DTNA,0.5978799721431328,0.45504074745139034,False
GSE30528,DTNB,0.4766429241921769,0.2848962026271068,False
GSE30528,E2F4,1.1961036437565817,1.0552789027916432,False
GSE30528,E2F5,0.5989632836621095,0.5989632836621095,False
GSE30528,EFEMP1,-3.400613473462162,-3.181561994228055,False
GSE30528,EFEMP2,-1.2537554398633026,-1.184751783430419,False
GSE30528,EGLN1,0.010260837434722704,0.010260837434722704,False
GSE30528,EGLN2,0.5115206758183598,0.5115206758183598,False
GSE30528,EGLN3,1.0913013341183926,1.0913013341183926,False
GSE30528,ELANE,-0.017642986071813006,-0.017642986071813006,False
GSE30528,ELN,0.5776961775341917,0.6408943072591008,False
GSE30528,EMILIN1,0.3898330442480822,0.3898330442480822,False
GSE30528,EMILIN2,-0.4403668074535214,-0.4403668074535214,False
GSE30528,EP300,-0.3627093549986143,-0.5273987600108541,False
GSE30528,EPAS1,-0.9121718345282035,-0.8518149470693466,False
GSE30528,EPCAM,0.4178769425205023,0.4178769425205023,False
GSE30528,EPO,0.9700222734056096,0.12250742690483514,False
GSE30528,F10,0.42785358836525933,0.42785358836525933,False
GSE30528,F11,-0.43166808257034833,-0.43166808257034833,False
GSE30528,F11R,1.0353947487980744,1.0093143136148843,False
GSE30528,F12,1.6676326288344492,1.1636619604540674,False
GSE30528,F13A1,0.6404840374309367,0.6404840374309367,False
GSE30528,F13B,0.8569539818143118,0.8569539818143118,False
GSE30528,F2,0.22076362852673867,0.22076362852673867,False
GSE30528,F2R,-2.9863191610424273,-2.9863191610424273,False
GSE30528,F3,-2.2518698241820734,-2.2518698241820734,False
GSE30528,F5,-2.6417532458859436,-3.5764115929722213,False
GSE30528,F7,0.7711035958481034,0.7711035958481034,False
GSE30528,F8,-0.6935694011253806,-0.6935694011253806,False
GSE30528,F9,-0.294297617404656,-0.294297617404656,False
GSE30528,FBLN1,2.1978329272929513,1.4266584061106289,False
GSE30528,FBLN2,0.5435568458131289,0.5435568458131289,False
GSE30528,FBLN5,1.2592785601099088,1.2592785601099088,False
GSE30528,FBN1,0.1842880086893866,0.9386793553249131,False
GSE30528,FBN2,0.8012979010951315,0.7716905207853695,False
GSE30528,FCER1G,1.6032732969834869,1.6032732969834869,False
GSE30528,FCN1,0.7419222171061608,0.7419222171061608,False
GSE30528,FCN2,0.22797201890442767,0.3446439637387681,False
GSE30528,FCN3,-0.7563315109912453,-0.7563315109912453,False
GSE30528,FGA,-0.02609833184306873,-0.16777823551874863,False
GSE30528,FGB,0.4917857226510445,0.6095297087608758,False
GSE30528,FGF2,0.6340254039484302,0.619546725594711,False
GSE30528,FGG,0.9776702335105776,0.9776702335105776,False
GSE30528,FKBP1A,0.6277890090588538,0.14130247316079578,False
GSE30528,FMOD,2.5539788469163107,2.5539788469163107,False
GSE30528,FN1,0.5534212271861604,2.3219892786500553,False
GSE30528,FURIN,0.27757000611693644,0.27757000611693644,False
GSE30528,FYN,-2.2123061812494758,-4.64883441948805,False
GSE30528,GAS6,-0.9446772942952659,-0.8811686192388762,False
GSE30528,GDF5,0.5777989673427192,0.5777989673427192,False
GSE30528,GLG1,2.0604787053852123,-0.11850458597261299,True
GSE30528,GP1BA,-0.13112138492735093,-0.13112138492735093,False
GSE30528,GP1BB,-0.4808093184571533,-0.2554234044481894,False
GSE30528,GP5,0.07552165066111957,-0.5220208783848178,True
GSE30528,GP6,0.20276896441607678,0.20276896441607678,False
GSE30528,GP9,0.7437401982237387,0.7437401982237387,False
GSE30528,GPC1,1.128681707680255,0.3144208728463556,False
GSE30528,GPC3,0.2963944303199566,0.2963944303199566,False
GSE30528,GPC4,0.7063605743440617,-0.31432047019605963,True
GSE30528,GPC5,-0.7586831877658466,-0.7586831877658466,False
GSE30528,GRB14,0.5313650879400464,0.5313650879400464,False
GSE30528,GRB2,0.14086467683230255,0.14086467683230255,False
GSE30528,GRB7,1.289800990965892,1.289800990965892,False
GSE30528,GYPA,0.15404419513545595,0.43776133184309335,False
GSE30528,GYPB,0.7349242602623159,0.7827067929994708,False
GSE30528,GYPC,1.5135763190319333,1.5135763190319333,False
GSE30528,GZMM,0.5973608526764601,0.5973608526764601,False
GSE30528,HAPLN1,1.8726885475451425,1.4711265265442788,False
GSE30528,HDAC1,-2.418702704265279,-2.418702704265279,False
GSE30528,HIF1A,0.9605862760198396,0.9605862760198396,False
GSE30528,HIF1AN,0.7308684762567693,0.5260757048311139,False
GSE30528,HIF3A,0.4370255726506789,-0.1438957330474489,True
GSE30528,HIGD1A,-0.6614319623745706,-0.7804544509065252,False
GSE30528,HRAS,-0.21750347745713292,-0.21750347745713292,False
GSE30528,HSPG2,0.042335462502961135,0.2831184741991358,False
GSE30528,HTRA1,-2.4494324550142372,-2.4494324550142372,False
GSE30528,IBSP,0.5730469228058446,0.5730469228058446,False
GSE30528,ICAM1,0.10088613687643679,-0.5566913636487693,True
GSE30528,ICAM2,-0.19747270796887303,-0.28573007101383685,False
GSE30528,ICAM3,2.1255821906438817,2.1255821906438817,False
GSE30528,ICAM4,-0.6068305070181823,-0.6068305070181823,False
GSE30528,ICAM5,0.46649558794135704,0.46649558794135704,False
GSE30528,IGHA1,1.1716034815393364,1.0258237153564151,False
GSE30528,IGHG1,1.1537636160565083,1.3771018977431715,False
GSE30528,IGHM,1.5018263940858283,1.7873749783877144,False
GSE30528,IGKC,1.1412235186669653,1.4268485319432782,False
GSE30528,IGKV1-17,1.06483285628879,1.06483285628879,False
GSE30528,IGLC1,1.0906122094484614,0.9575997778874912,False
GSE30528,IGLL1,0.6787059575816929,0.6787059575816929,False
GSE30528,IGLV1-44,1.0677653791081787,0.9377118159796691,False
GSE30528,IGLV4-60,1.01160301713692,1.01160301713692,False
GSE30528,IGLV6-57,0.4893196677974846,0.4893196677974846,False
GSE30528,INPP5D,1.3428357010241492,1.5611938017705378,False
GSE30528,ITGA1,-0.6543332151592989,-0.6543332151592989,False
GSE30528,ITGA10,-0.20309384387998852,-0.20309384387998852,False
GSE30528,ITGA2,1.1193752529929302,1.1193752529929302,False
GSE30528,ITGA2B,0.8228313409112176,0.7904510491116168,False
GSE30528,ITGA3,-2.6328453172492656,-2.6328453172492656,False
GSE30528,ITGA4,1.2188401657655106,0.8671234425849492,False
GSE30528,ITGA5,-0.0781303640159257,-0.0781303640159257,False
GSE30528,ITGA6,0.5033755003769823,0.2538378906062291,False
GSE30528,ITGA7,0.6480096127520427,0.7073704872288281,False
GSE30528,ITGA8,-1.472361431775678,-1.472361431775678,False
GSE30528,ITGA9,-0.9403338935515666,-0.9403338935515666,False
GSE30528,ITGAE,-0.02618296830201825,-0.02618296830201825,False
GSE30528,ITGAL,1.4333012952293496,1.4333012952293496,False
GSE30528,ITGAM,1.2755080587469088,1.2755080587469088,False
GSE30528,ITGAV,-1.7367591895416619,-1.7367591895416619,False
GSE30528,ITGAX,1.4995744177843877,1.4995744177843877,False
GSE30528,ITGB1,0.22505127725905805,-0.3826760476626259,True
GSE30528,ITGB2,1.807116155942816,1.807116155942816,False
GSE30528,ITGB3,-1.4137409047372802,-0.5427468839653521,False
GSE30528,ITGB4,0.5379400747041382,1.0637628469486988,False
GSE30528,ITGB5,-1.2732465221216671,-2.5739935895004855,False
GSE30528,ITGB6,1.6210033069764909,1.6774935313466641,False
GSE30528,ITGB7,2.703934832464,2.703934832464,False
GSE30528,ITGB8,-0.8389897965284709,-1.3888812018196408,False
GSE30528,JAM2,-0.4973382140473171,-0.4973382140473171,False
GSE30528,JAM3,-2.4362638613829795,-2.4362638613829795,False
GSE30528,JUNB,-0.30309459678316764,-0.30309459678316764,False
GSE30528,KDR,-1.348410806513232,-1.348410806513232,False
GSE30528,KLK2,0.4892554690233642,0.29721067631767356,False
GSE30528,KLK7,-2.520972466892378,-2.520972466892378,False
GSE30528,KLKB1,-0.2120642609352778,-0.2120642609352778,False
GSE30528,KNG1,0.12476841313350684,-0.30351063024886377,True
GSE30528,KRAS,0.6993360778895222,-0.10025089482312582,True
GSE30528,L1CAM,0.7805425523743905,0.9644833178686538,False
GSE30528,LAMA1,-0.11381655111345493,-0.11381655111345493,False
GSE30528,LAMA2,0.9461746711042814,1.7239586690505362,False
GSE30528,LAMA3,0.02057044072256686,0.02057044072256686,False
GSE30528,LAMA4,0.2939787680872694,0.9615951541442339,False
GSE30528,LAMA5,-0.6751439199987355,-0.6751439199987355,False
GSE30528,LAMB1,0.7395386909896146,0.523045518398119,False
GSE30528,LAMB2,-1.5115966625845565,-1.5115966625845565,False
GSE30528,LAMB3,0.9492024145698869,0.9492024145698869,False
GSE30528,LAMC1,0.9822006510640064,0.42748793479510494,False
GSE30528,LAMC2,1.3911190330818666,1.6248951664154796,False
GSE30528,LAMC3,1.6290047506887393,1.6290047506887393,False
GSE30528,LCK,2.460403049033498,2.322036147642617,False
GSE30528,LIMD1,0.17093648051986957,-0.27898742926497705,True
GSE30528,LOX,-0.3264604060234775,-3.4130273247167744,False
GSE30528,LOXL1,-0.9237456747916304,-0.9237456747916304,False
GSE30528,LOXL2,0.19944776718890167,0.3461176703306657,False
GSE30528,LRP4,-1.8865148332957893,-1.8865148332957893,False
GSE30528,LTBP1,1.1860355275255083,1.1485189093823576,False
GSE30528,LTBP2,0.49381757506593466,0.49381757506593466,False
GSE30528,LTBP3,-0.5157865775864998,-0.5157865775864998,False
GSE30528,LTBP4,0.39707862277849876,-0.21023633239521236,True
GSE30528,LUM,1.969567122538835,1.969567122538835,False
GSE30528,LYN,0.7213410944692373,0.7965281535058288,False
GSE30528,MADCAM1,0.5893748319781229,0.5893748319781229,False
GSE30528,MAG,-0.04642827524246056,0.0021359034889998968,True
GSE30528,MAPK1,1.3474061475430592,0.2885883276355575,False
GSE30528,MAPK3,0.9483856602252666,0.9483856602252666,False
GSE30528,MASP1,1.0487879662014752,1.4778000808376734,False
GSE30528,MASP2,0.2502258870371551,0.23858161640473094,False
GSE30528,MATN1,1.4007319896702426,0.6847298928554372,False
GSE30528,MATN3,-1.2048566245146233,-1.2048566245146233,False
GSE30528,MATN4,0.6097664281059748,0.6097664281059748,False
GSE30528,MBL2,0.8328452617172591,0.8328452617172591,False
GSE30528,MEN1,0.26364726330818256,0.26364726330818256,False
GSE30528,MERTK,-0.0355546077264685,0.7434968170272365,True
GSE30528,MFAP2,1.5411142016319757,1.5411142016319757,False
GSE30528,MFAP3,-1.358559371439166,-1.1325540167696564,False
GSE30528,MFAP4,2.447437199071364,2.447437199071364,False
GSE30528,MFAP5,0.9729037094945691,0.9344741930573751,False
GSE30528,MIF,0.2853927178930746,0.2853927178930746,False
GSE30528,MMP1,1.1664444670778578,1.1664444670778578,False
GSE30528,MMP10,-0.0074571966353766264,-0.0074571966353766264,False
GSE30528,MMP11,3.1230618277280167,1.7704885911675752,False
GSE30528,MMP12,0.5120416671944529,0.5120416671944529,False
GSE30528,MMP13,0.3194403463836233,0.3194403463836233,False
GSE30528,MMP14,0.7939373111783624,0.48082719435892246,False
GSE30528,MMP15,0.4104049637392919,0.4104049637392919,False
GSE30528,MMP16,0.4818605816475546,0.4951230111783271,False
GSE30528,MMP17,1.2364903213506138,1.2364903213506138,False
GSE30528,MMP19,0.8576283751010537,1.3722697754216542,False
GSE30528,MMP2,1.8363575768979765,1.8363575768979765,False
GSE30528,MMP20,0.19075528137172257,0.19075528137172257,False
GSE30528,MMP24,0.07280610705103827,1.3362334571515209,False
GSE30528,MMP25,0.6563820514313888,0.3139650376715413,False
GSE30528,MMP3,1.176332225775748,1.176332225775748,False
GSE30528,MMP7,1.649317232784598,1.649317232784598,False
GSE30528,MMP8,0.32641058484690705,0.32641058484690705,False
GSE30528,MMP9,0.5731452787442459,0.5731452787442459,False
GSE30528,MTMR4,0.160956240420608,0.15376375684423976,False
GSE30528,MUSK,0.17420430787138047,0.18697835596442755,False
GSE30528,MYC,0.5479135803286043,0.5479135803286043,False
GSE30528,NCAM1,-1.1208655164998738,0.06214494051484831,True
GSE30528,NCAN,0.6564529026118717,0.6564529026118717,False
GSE30528,NCOR1,0.3452425601084066,-1.0237948170744915,True
GSE30528,NCOR2,-0.5963349451483608,0.24881240823623083,True
GSE30528,NCSTN,-1.3036354507360621,-1.3036354507360621,False
GSE30528,NEDD4L,0.11840911856001535,-0.27405690399531435,True
GSE30528,NEDD8,0.20932468150287054,0.20932468150287054,False
GSE30528,NID1,1.1348999505022626,0.12650597414450893,False
GSE30528,NID2,-1.0865152096999433,-1.0865152096999433,False
GSE30528,NRAS,0.006359762576819976,0.006359762576819976,False
GSE30528,NRXN1,0.05488090979762726,-0.06066352865585971,True
GSE30528,OLR1,1.5623828536632862,1.5623828536632862,False
GSE30528,P4HA1,-0.3615790923700592,-0.3615790923700592,False
GSE30528,P4HB,0.6363067276938585,0.4751833811652194,False
GSE30528,PARD3,-1.3567088776702763,-1.2202303125682494,False
GSE30528,PARD6A,1.2730588573003558,1.2730588573003558,False
GSE30528,PARP1,0.7263226318839835,0.7263226318839835,False
GSE30528,PCOLCE,2.8597979426744753,2.8597979426744753,False
GSE30528,PCOLCE2,-2.034569788658726,-2.034569788658726,False
GSE30528,PDGFA,-0.7330120065204738,-0.9300177817209384,False
GSE30528,PDGFB,1.2050621419979903,0.4039752458613686,False
GSE30528,PECAM1,-0.2853082537949854,-0.36475134218766747,False
GSE30528,PF4,-0.41616513311259157,-0.41616513311259157,False
GSE30528,PF4V1,0.5367579165577003,0.5367579165577003,False
GSE30528,PICK1,0.7103267129848558,0.7103267129848558,False
GSE30528,PIK3CA,-1.213703951503081,-1.213703951503081,False
GSE30528,PIK3CB,-0.5378303710360778,-1.1574848588385762,False
GSE30528,PIK3R1,0.3870401552569449,-0.29239221848870556,True
GSE30528,PIK3R2,0.4945091369721113,0.4945091369721113,False
GSE30528,PLCG1,0.52182043909351,0.22126302715717588,False
GSE30528,PLEC,0.40351458020312486,0.15770201601289352,False
GSE30528,PLG,-0.18190030279202307,-0.18190030279202307,False
GSE30528,PLOD1,0.630580700138767,0.630580700138767,False
GSE30528,PLOD2,0.38313735971981755,-0.39975280099050087,True
GSE30528,PLOD3,-0.5119892482321454,-0.5119892482321454,False
GSE30528,PMEPA1,-2.781991568130217,-2.781991568130217,False
GSE30528,PPBP,-0.34758946576486266,-0.34758946576486266,False
GSE30528,PPIA,0.502367641079142,0.502367641079142,False
GSE30528,PPIB,0.7823444464388587,0.8678673908075161,False
GSE30528,PPIL2,1.816821057373688,1.6609198372053096,False
GSE30528,PPM1A,-0.1529639218901411,-0.1083037006521241,False
GSE30528,PPP1CA,0.9445184795722895,0.9445184795722895,False
GSE30528,PPP1CB,0.7724874001971866,0.1770919465573877,False
GSE30528,PPP1CC,-0.45929621017208333,-0.45929621017208333,False
GSE30528,PPP1R15A,-1.142120257864824,-1.180977369315952,False
GSE30528,PRKCA,0.42991934688466943,0.2418776408598171,False
GSE30528,PRKCZ,0.13306066860629354,0.13306066860629354,False
GSE30528,PROC,-0.2824291306077404,-0.2824291306077404,False
GSE30528,PROCR,1.6175720781068517,1.6175720781068517,False
GSE30528,PROS1,0.2030205321349655,0.2030205321349655,False
GSE30528,PROZ,0.3216587547615491,0.3216587547615491,False
GSE30528,PRSS1,0.6359308890714487,0.6359308890714487,False
GSE30528,PRSS2,0.49938526678487033,0.13502071184028247,False
GSE30528,PRTN3,0.12116944934015852,0.12116944934015852,False
GSE30528,PSEN1,0.8260299440776399,0.12029107010744296,False
GSE30528,PSG1,0.5196442037092492,0.5160014058159211,False
GSE30528,PSG11,0.5372384862417473,0.9992169002101734,False
GSE30528,PSG2,0.21563344057240788,0.21563344057240788,False
GSE30528,PSG3,0.38025010955489513,0.38025010955489513,False
GSE30528,PSG4,-0.06223004300195744,-0.06223004300195744,False
GSE30528,PSG5,-0.11921088339190304,-0.11921088339190304,False
GSE30528,PSG6,-1.4461816195737203,-0.6045184668610954,False
GSE30528,PSG7,0.25559740238842116,0.25559740238842116,False
GSE30528,PSG9,0.41251492210236657,0.16769931092585494,False
GSE30528,PSMA1,-0.008008223440472952,-1.0113976077077338,False
GSE30528,PSMA2,-0.42349002750376297,-0.1970570535286191,False
GSE30528,PSMA3,-0.4117126991789036,-0.4117126991789036,False
GSE30528,PSMA4,-0.14475802116528633,-0.14475802116528633,False
GSE30528,PSMA5,-0.7068574508241435,-0.7068574508241435,False
GSE30528,PSMA7,0.08346492634005398,-0.12267182801706453,True
GSE30528,PSMB1,0.07909967076810404,-0.09602462052317362,True
GSE30528,PSMB2,0.5654646376747694,-0.14433962032881797,True
GSE30528,PSMB3,0.2700952134534832,0.2700952134534832,False
GSE30528,PSMB4,0.36360345087585333,0.31523366429881317,False
GSE30528,PSMB5,0.30588923467700296,0.30588923467700296,False
GSE30528,PSMB6,0.6617444996335587,0.6617444996335587,False
GSE30528,PSMB7,-0.03757766656602853,-0.03757766656602853,False
GSE30528,PSMC1,-0.24814713583752449,-0.24814713583752449,False
GSE30528,PSMC2,-0.1271498098476489,-0.7564238670031697,False
GSE30528,PSMC3,-0.18042733527204707,-0.18042733527204707,False
GSE30528,PSMC4,0.2853062612401481,0.2853062612401481,False
GSE30528,PSMC5,-0.315244212731964,-0.315244212731964,False
GSE30528,PSMC6,-1.4294828918867388,-1.4294828918867388,False
GSE30528,PSMD1,-1.8718986642572764,-1.5468029743234073,False
GSE30528,PSMD11,0.25126116465629594,-0.8370069709591635,True
GSE30528,PSMD12,-1.4539813475085368,-1.525476890676677,False
GSE30528,PSMD13,0.4153192698051363,0.409525178026295,False
GSE30528,PSMD14,-0.3745042872111489,-0.3745042872111489,False
GSE30528,PSMD2,-0.19745171151882412,-0.19745171151882412,False
GSE30528,PSMD3,-0.0013307335856559905,-0.0013307335856559905,False
GSE30528,PSMD6,-0.908051411589251,-0.908051411589251,False
GSE30528,PSMD7,-0.9809330020454787,-0.9809330020454787,False
GSE30528,PSMD8,0.300426073979094,0.300426073979094,False
GSE30528,PTPN11,0.008486920168954512,-0.4695223894181945,True
GSE30528,PTPN6,1.2291876852236798,1.2291876852236798,False
GSE30528,PTPRS,0.3337551404063841,0.3337551404063841,False
GSE30528,PXDN,-0.01740140614526163,-0.04762145899104495,False
GSE30528,RBL1,0.5285639977659997,0.5285639977659997,False
GSE30528,RBX1,-0.0847385259595174,-0.0847385259595174,False
GSE30528,RHOA,0.032348597056466116,0.032348597056466116,False
GSE30528,RNF111,-1.4816093862157405,-1.4816093862157405,False
GSE30528,RPS27A,-0.17005344901470693,-0.17005344901470693,False
GSE30528,SCUBE3,-0.2915862690095926,-0.2915862690095926,False
GSE30528,SDC1,0.9185099316346895,0.6360695250102874,False
GSE30528,SDC2,-2.044133666332483,-2.729249972063178,False
GSE30528,SDC3,-0.6971767971484772,-0.6971767971484772,False
GSE30528,SDC4,-0.2682550031251601,-0.2682550031251601,False
GSE30528,SELE,0.6443553017551872,0.6443553017551872,False
GSE30528,SELL,0.9325438815595125,0.9325438815595125,False
GSE30528,SELP,-0.057891755729984194,-0.057891755729984194,False
GSE30528,SELPLG,1.2505727525297212,1.3372704714368746,False
GSE30528,SERPINA10,1.1965119948635348,1.1965119948635348,False
GSE30528,SERPINA5,0.4074626090735248,0.4074626090735248,False
GSE30528,SERPINC1,0.04862214404807736,0.04862214404807736,False
GSE30528,SERPIND1,-0.7561557054274788,-0.7561557054274788,False
GSE30528,SERPINE1,-0.25345281897397953,-0.19884871429251438,False
GSE30528,SERPINE2,2.803839500232698,2.803839500232698,False
GSE30528,SERPING1,-0.39848812222660523,-0.39848812222660523,False
GSE30528,SERPINH1,2.180396815919769,2.180396815919769,False
GSE30528,SGCA,0.4300324106075432,0.4300324106075432,False
GSE30528,SGCB,-0.9422532899344576,-2.8230324130665623,False
GSE30528,SGCD,0.19565001600555554,0.2001844443889438,False
GSE30528,SGCE,-3.390217377262194,-3.390217377262194,False
GSE30528,SGCG,0.6738293954710312,0.6738293954710312,False
GSE30528,SH3PXD2A,0.19464960332449002,0.5141784855542999,False
GSE30528,SHC1,1.1285786825076798,-0.5882846980155425,True
GSE30528,SIRPA,-1.1709685341912124,-1.3744740271046425,False
GSE30528,SIRPG,0.5349738676640552,0.5349738676640552,False
GSE30528,SKI,-0.8293525991649995,-0.8293525991649995,False
GSE30528,SKIL,-0.5406521708438703,-0.1722546496821987,False
GSE30528,SLC16A1,1.1353078350379744,1.1947156604100837,False
GSE30528,SLC16A8,1.0957694206189341,1.0957694206189341,False
GSE30528,SLC3A2,0.13563694674581567,0.13563694674581567,False
GSE30528,SLC7A10,-0.10007932058648257,-0.10007932058648257,False
GSE30528,SLC7A11,0.9423290606764821,0.451601485219848,False
GSE30528,SLC7A5,-0.18946875127643734,-0.18946875127643734,False
GSE30528,SLC7A6,0.6944333887249149,0.24557390322234926,False
GSE30528,SLC7A7,0.1322215776065481,0.1322215776065481,False
GSE30528,SLC7A8,0.48083938897236617,-0.258582102306694,True
GSE30528,SLC7A9,-0.3865199994181437,-0.3865199994181437,False
GSE30528,SMAD2,-1.0488118033153109,-1.5659860818439644,False
GSE30528,SMAD3,1.0252705818661785,0.06056553730182441,False
GSE30528,SMAD4,-0.2708792796619607,-0.25967776488809485,False
GSE30528,SMAD7,-0.6065339777325836,-0.6065339777325836,False
GSE30528,SMPD1,0.8895963179249725,1.5307359669405975,False
GSE30528,SMURF1,1.2104959771072155,0.698386605521296,False
GSE30528,SMURF2,-0.6415968501052169,-0.6415968501052169,False
GSE30528,SNTA1,-0.5708172647573501,-0.5708172647573501,False
GSE30528,SNTB1,0.6716522889031062,0.6065698296375468,False
GSE30528,SNTB2,0.6299870312347433,0.6251615751031394,False
GSE30528,SNTG2,0.14728537144744194,0.14728537144744194,False
GSE30528,SNW1,0.3696467773087638,0.35673666771284285,False
GSE30528,SOS1,-0.35367077186093704,-0.8497464875580814,False
GSE30528,SP1,-0.3255124310353939,-0.3255124310353939,False
GSE30528,SPARC,-0.7569626005304092,-1.969836923066232,False
GSE30528,SPN,0.009602224716788224,0.009602224716788224,False
GSE30528,SPOCK3,-0.06639599357549178,0.1596486119960945,True
GSE30528,SPP1,1.6812111487642827,1.6812111487642827,False
GSE30528,SRC,1.3519966721809558,1.0840018195779515,False
GSE30528,SSPN,0.8686331471644928,0.3715776167435366,False
GSE30528,STAT1,0.40969364187650015,-0.42326575690065354,True
GSE30528,STRAP,-1.2084097395847908,-1.2084097395847908,False
GSE30528,STUB1,0.5443337711676111,0.5443337711676111,False
GSE30528,TEK,-1.0489733742484968,-0.8261205336330893,False
GSE30528,TFDP1,0.595292799876278,-0.1000938267755218,True
GSE30528,TFDP2,0.04850633275196713,-0.29376589466091313,True
GSE30528,TFPI,-0.6848585784909562,-0.835922594209006,False
GSE30528,TGFB1,0.48880155073099874,0.6549751281956439,False
GSE30528,TGFB2,0.447592762731469,0.6323772175683728,False
GSE30528,TGFB3,0.23797599387294993,0.23797599387294993,False
GSE30528,TGFBR1,1.0585102518394198,1.0585102518394198,False
GSE30528,TGFBR2,-1.346349333047674,-1.3640690620105012,False
GSE30528,TGFBR3,-3.669461949785813,-3.669461949785813,False
GSE30528,TGIF1,0.5748640172903949,0.5748640172903949,False
GSE30528,TGIF2,-0.19158894791759357,0.2949853996083936,True
GSE30528,THBD,-0.42861499576917966,-0.3875651242783141,False
GSE30528,THBS1,0.5935071020133793,-0.3769082128358132,True
GSE30528,TIMP1,-0.6909428210807919,-0.6909428210807919,False
GSE30528,TIMP2,-1.8390423456372744,-1.8390423456372744,False
GSE30528,TLL1,0.33740201140988346,0.33740201140988346,False
GSE30528,TLL2,0.06480868123180528,0.4927421571538442,False
GSE30528,TMPRSS6,1.5321262175200225,1.5321262175200225,False
GSE30528,TNC,1.4282354440235703,1.5600285679128154,False
GSE30528,TNFRSF10B,-0.16940970514386502,-0.2138770146025782,False
GSE30528,TNFRSF10D,-0.0003729390175617855,-0.0003729390175617855,False
GSE30528,TNN,0.7367942441271537,0.7367942441271537,False
GSE30528,TNR,0.2821977368355219,0.175686887193296,False
GSE30528,TNXB,0.9968796702273176,1.3057931047961229,False
GSE30528,TPSAB1,1.3027117471820617,1.8205224905917006,False
GSE30528,TREM1,-0.13496976316892495,-0.13496976316892495,False
GSE30528,TRIM33,0.2217142808749245,-0.5605861743313296,True
GSE30528,TSPAN7,-1.0070128502832671,-1.0070128502832671,False
GSE30528,TTR,0.7479435499015611,0.7479435499015611,False
GSE30528,UBA52,0.8104079507213025,0.8104079507213025,False
GSE30528,UBB,-1.4675785914655162,-1.4675785914655162,False
GSE30528,UBC,-0.9100833638905133,-0.7968283214441516,False
GSE30528,UBE2D1,0.33968678598407,0.23592949864795998,False
GSE30528,UBE2D2,-0.44108248329314287,-0.6962444017738955,False
GSE30528,UBE2D3,0.6127273708773413,0.5531120320445013,False
GSE30528,UBE2M,0.2739494274371112,0.2739494274371112,False
GSE30528,UCHL5,0.3036439961849487,-0.06443734852745825,True
GSE30528,USP9X,-2.768295784663819,-2.0542817794983446,False
GSE30528,UTRN,-0.10761272263309839,0.09171548222707791,True
GSE30528,VCAM1,1.1080840486910404,1.1080840486910404,False
GSE30528,VCAN,1.1091581832029518,1.2762058576844757,False
GSE30528,VEGFA,-1.9419375363079576,-2.772378659518377,False
GSE30528,VHL,0.5675306298162334,0.5675306298162334,False
GSE30528,VPREB1,0.8707492351985462,0.8707492351985462,False
GSE30528,VPREB3,0.41279333515859423,0.41279333515859423,False
GSE30528,VWF,1.6216684118204179,1.6216684118204179,False
GSE30528,WWTR1,0.30350385439815425,-1.1288663136803003,True
GSE30528,XCL1,1.056355056397763,1.4528126757368822,False
GSE30528,XCR1,-0.13419387912191172,-0.13419387912191172,False
GSE30528,XPO1,-0.9347211355450121,-0.9347211355450121,False
GSE30528,YBX1,1.3938045702738922,1.359875576887029,False
GSE30528,YES1,0.10002533229468848,-0.4855310219963675,True
GSE30528,ZFYVE9,0.48397754747976396,-0.7726122623184942,True
GSE30529,A2M,1.3402228827060865,1.3402228827060865,False
GSE30529,ACAN,-0.8347228586047001,-0.657226712126931,False
GSE30529,ACKR2,-0.8191005377981534,-0.8191005377981534,False
GSE30529,ACKR3,-0.9443078774647747,-0.9443078774647747,False
GSE30529,ACKR4,1.6639575318130322,1.6639575318130322,False
GSE30529,ACTA1,-1.689445837399492,-1.689445837399492,False
GSE30529,ACTA2,-1.4063548409413027,0.5285799203860255,True
GSE30529,ACTB,1.9930361288387406,1.3002289930397828,False
GSE30529,ACTC1,0.0709505348803319,0.0709505348803319,False
GSE30529,ACTG2,-0.29278927947023947,-0.29278927947023947,False
GSE30529,ACTN1,1.1061916697448138,1.6736451705181843,False
GSE30529,ADAM10,1.6394599189534167,1.7389580733829801,False
GSE30529,ADAM12,0.987406751655144,0.40898520992562815,False
GSE30529,ADAM15,-0.575953536225223,-0.575953536225223,False
GSE30529,ADAM17,0.4847090360876914,0.6820497052900594,False
GSE30529,ADAM19,0.01276562446635115,-0.34359735362583427,True
GSE30529,ADAM8,0.5754551913743623,-0.12045551734709838,True
GSE30529,ADAM9,0.6458647958223356,0.6458647958223356,False
GSE30529,ADAMTS1,0.7490314125457912,0.7490314125457912,False
GSE30529,ADAMTS13,-0.39785459459551303,-0.39785459459551303,False
GSE30529,ADAMTS2,-0.2934854374990464,-0.6376589144804695,False
GSE30529,ADAMTS3,1.0751775831853245,1.0751775831853245,False
GSE30529,ADAMTS5,1.3290664337977083,1.3290664337977083,False
GSE30529,ADAMTS8,-0.36368887307561365,-0.5904849621314122,False
GSE30529,ADAMTS9,-0.5170915401427173,-0.5170915401427173,False
GSE30529,ADRM1,-0.012560155199486658,-0.012560155199486658,False
GSE30529,AGRN,0.6621790539954646,-0.18593361447942414,True
GSE30529,ANGPT1,-0.8961903922931049,-0.37587444789940283,False
GSE30529,ANGPT2,-0.05779606833959424,-0.11457999948536635,False
GSE30529,ANGPT4,-0.3102806983199838,-0.3102806983199838,False
GSE30529,APOB,-0.4151556395534063,-0.4151556395534063,False
GSE30529,APP,-0.5101403492646129,0.36297854077438735,True
GSE30529,ARHGEF18,0.22814848543044983,0.22814848543044983,False
GSE30529,ARNT,1.3904716987654524,-0.37707509684088075,True
GSE30529,ASPN,0.12827013426489478,0.12827013426489478,False
GSE30529,ATP1B1,-1.073214978022583,-0.5956548976194936,False
GSE30529,ATP1B2,-1.5423394216466473,-1.5423394216466473,False
GSE30529,ATP1B3,-0.14263090820642776,-0.14263090820642776,False
GSE30529,ATP1B4,-0.6041580659790344,-0.6041580659790344,False
GSE30529,BAMBI,0.4949761210470831,0.4949761210470831,False
GSE30529,BCAN,-0.7279976005921251,-1.4302096787006087,False
GSE30529,BGN,0.8338162720665762,0.8874320459390724,False
GSE30529,BMP1,-0.36020751895340053,-0.5270188107476765,False
GSE30529,BMP10,-0.9904702829322668,-0.9904702829322668,False
GSE30529,BMP2,-0.272441925016129,-0.3027160629928305,False
GSE30529,BMP4,-0.07343359514192359,-0.07343359514192359,False
GSE30529,BMP7,-0.6963755699314104,-1.7234148107252474,False
GSE30529,BSG,0.23974356619483828,0.23974356619483828,False
GSE30529,C1QA,1.5342117305775786,1.5342117305775786,False
GSE30529,C1QB,1.8781938956876567,1.8781938956876567,False
GSE30529,C1R,1.2755688832316427,1.2755688832316427,False
GSE30529,C1S,2.5191701109525755,2.5191701109525755,False
GSE30529,C2,1.0624473041723428,1.0624473041723428,False
GSE30529,C3,2.7962043247531727,2.7962043247531727,False
GSE30529,C3AR1,1.5138152670639708,1.5138152670639708,False
GSE30529,C4A,0.3539619795431848,0.7242855413860869,False
GSE30529,C4BPA,1.2584327722757718,1.2584327722757718,False
GSE30529,C4BPB,-1.9133919997203845,-1.9133919997203845,False
GSE30529,C5,-0.1261214311058223,-0.1261214311058223,False
GSE30529,C5AR1,0.14366870366548196,0.14366870366548196,False
GSE30529,C5AR2,-1.2200691009392022,-1.2200691009392022,False
GSE30529,C6,0.9378258160469066,0.9378258160469066,False
GSE30529,C7,1.4638511175130808,1.4638511175130808,False
GSE30529,C8A,-0.410115419072543,-0.410115419072543,False
GSE30529,C8B,-1.1855920476854724,-1.1855920476854724,False
GSE30529,C8G,-0.27691886655365583,-0.27691886655365583,False
GSE30529,C9,-0.9381076263719306,-0.9381076263719306,False
GSE30529,CA9,-2.039299668114123,-2.039299668114123,False
GSE30529,CAPN1,0.9376759317172604,0.9376759317172604,False
GSE30529,CAPN10,-0.34608553221179117,-1.1078317931794965,False
GSE30529,CAPN11,-0.9730940777738121,-0.9730940777738121,False
GSE30529,CAPN15,-0.07005946199312932,-0.07005946199312932,False
GSE30529,CAPN2,-1.4511813736282,0.30442904970711043,True
GSE30529,CAPN3,0.013603091937887647,-0.051042109392330524,True
GSE30529,CAPN5,-0.6095743910066632,-0.6095743910066632,False
GSE30529,CAPN6,1.8582763548436334,0.7360906730136003,False
GSE30529,CAPN7,0.46793796753799655,0.4917297408232797,False
GSE30529,CAPN9,-1.5102197605497034,-1.5598956020478854,False
GSE30529,CAPNS1,0.4491986833936696,0.4491986833936696,False
GSE30529,CASK,1.0091048965618525,1.5153189914123097,False
GSE30529,CASP3,2.2975175401242423,2.2975175401242423,False
GSE30529,CAST,0.6487783305199791,1.7234210829021201,False
GSE30529,CAV1,1.2204636920757883,1.265649631002492,False
GSE30529,CBL,-1.3942397908101967,-1.3942397908101967,False
GSE30529,CCL1,-1.4362642972243893,-1.4362642972243893,False
GSE30529,CCL11,-0.22812996279889372,-0.22812996279889372,False
GSE30529,CCL13,1.0611710760098232,-0.22628054330751918,True
GSE30529,CCL16,-1.5227155536027717,-1.5227155536027717,False
GSE30529,CCL17,-1.3084447786073814,-1.3084447786073814,False
GSE30529,CCL19,1.411320643220555,1.411320643220555,False
GSE30529,CCL2,2.73944829712361,2.73944829712361,False
GSE30529,CCL20,1.3252727664315234,1.3252727664315234,False
GSE30529,CCL21,0.3832741496957446,0.3832741496957446,False
GSE30529,CCL22,-0.30069964191344684,-0.30069964191344684,False
GSE30529,CCL25,-1.4871908254226938,-1.4871908254226938,False
GSE30529,CCL27,-1.45100078268829,-1.45100078268829,False
GSE30529,CCL3,-0.08016771045971885,-0.08016771045971885,False
GSE30529,CCL4,0.11052224044714268,0.11052224044714268,False
GSE30529,CCL5,1.3942153385928744,1.4019925814074259,False
GSE30529,CCL7,-1.3144972069852345,-1.3144972069852345,False
GSE30529,CCNC,0.0757194911876463,0.0757194911876463,False
GSE30529,CCNK,-1.55427093981591,-1.55427093981591,False
GSE30529,CCNT1,-1.20026935876927,-1.20026935876927,False
GSE30529,CCNT2,0.3025800400433593,1.1568010813553542,False
GSE30529,CCR1,-0.12421595387686672,0.30571165485906693,True
GSE30529,CCR10,0.10143202573537609,0.10143202573537609,False
GSE30529,CCR2,2.5449184651908623,2.2708133782571926,False
GSE30529,CCR3,-0.9568048490806026,-0.9568048490806026,False
GSE30529,CCR4,-0.733334732329774,-0.733334732329774,False
GSE30529,CCR5,0.7355306490647527,0.7355306490647527,False
GSE30529,CCR6,0.874141312383284,0.874141312383284,False
GSE30529,CCR7,1.3214962186108101,1.3214962186108101,False
GSE30529,CCR8,-0.4519634311267677,-0.4519634311267677,False
GSE30529,CCR9,-0.40629578647013026,-0.40629578647013026,False
GSE30529,CCRL2,-0.46551157455721404,-0.46551157455721404,False
GSE30529,CD151,0.7591712465265424,0.7591712465265424,False
GSE30529,CD177,-1.4449464438610102,-1.4449464438610102,False
GSE30529,CD19,-0.39967420962591294,-0.39967420962591294,False
GSE30529,CD2,1.6978796098040723,1.6978796098040723,False
GSE30529,CD244,-0.07696286789298892,-0.07696286789298892,False
GSE30529,CD44,2.20773553191928,1.1367176518877795,False
GSE30529,CD46,-0.7179740185144978,-0.4503316918216509,False
GSE30529,CD47,2.2416144489955836,1.2281444520091986,False
GSE30529,CD48,2.272668166755301,2.272668166755301,False
GSE30529,CD55,0.9531415460785904,0.7179741479960656,False
GSE30529,CD58,0.3694745808219054,0.9503983208703175,False
GSE30529,CD59,0.6162719305077553,1.1685460303179656,False
GSE30529,CD74,1.4355537871520534,1.4355537871520534,False
GSE30529,CD81,1.4297217094147345,1.4297217094147345,False
GSE30529,CD84,-1.1194156686971417,-1.1194237429051352,False
GSE30529,CD99,1.0701898804220424,1.2098665356366458,False
GSE30529,CDH1,-0.704951175314513,0.8458975772608879,True
GSE30529,CDK8,0.4682705185515766,0.4682705185515766,False
GSE30529,CDK9,0.6895154472904137,0.6895154472904137,False
GSE30529,CDKN2B,-1.9352197993023894,-1.9352197993023894,False
GSE30529,CEACAM1,-0.3129623046950247,-0.5325452930572185,False
GSE30529,CEACAM3,-0.9730521938366539,-1.4352343043026798,False
GSE30529,CEACAM5,-0.20829673091614706,-0.519612863635321,False
GSE30529,CEACAM6,-1.0585080816857644,-1.3636295936584324,False
GSE30529,CEACAM8,-0.8611896612086312,-0.8611896612086312,False
GSE30529,CFB,-1.1626806586038065,1.6964707704679223,True
GSE30529,CFD,0.9046794653264858,0.9046794653264858,False
GSE30529,CFH,1.8633056591665482,2.4076509338387004,False
GSE30529,CFHR2,1.4304354362504008,1.4304354362504008,False
GSE30529,CFHR4,-0.3064083646896534,-0.3064083646896534,False
GSE30529,CFHR5,-0.9388193780504208,-0.9388193780504208,False
GSE30529,CFI,0.9170583243296668,0.9170583243296668,False
GSE30529,CFP,-0.44413274566268207,-0.44413274566268207,False
GSE30529,CITED2,-0.10200338155598207,-0.04003546930935465,False
GSE30529,CLU,2.6823657952601723,2.6734797035227102,False
GSE30529,CMA1,0.3560705073843206,0.3560705073843206,False
GSE30529,COL10A1,1.0973261911568424,0.23428125073153838,False
GSE30529,COL11A1,0.19353799306731626,0.508672639405088,False
GSE30529,COL11A2,-1.2749287524966222,-1.5161938959776724,False
GSE30529,COL13A1,1.0081039536798004,-0.07290576086206216,True
GSE30529,COL14A1,0.9289066499216093,-0.6482141987604467,True
GSE30529,COL15A1,1.8563254619982321,1.8563254619982321,False
GSE30529,COL16A1,0.7804482976108684,0.7804482976108684,False
GSE30529,COL17A1,-1.1643918458934701,-1.1643918458934701,False
GSE30529,COL18A1,0.4770015241362212,0.39104072153954106,False
GSE30529,COL19A1,-1.5171617432705893,-1.5171617432705893,False
GSE30529,COL1A1,1.1342605333286857,0.16106005172325866,False
GSE30529,COL1A2,2.3195405995342826,2.0969693228926873,False
GSE30529,COL21A1,1.3369962197336334,1.3369962197336334,False
GSE30529,COL2A1,-1.1752206924987487,-0.9486529923061727,False
GSE30529,COL3A1,2.4993750146940954,2.4779601962546587,False
GSE30529,COL4A1,2.5926400019452136,2.8784594100406005,False
GSE30529,COL4A2,1.1666382390191314,1.4800564827049414,False
GSE30529,COL4A3,0.2523069857157752,-0.4613369899541847,True
GSE30529,COL4A4,0.3332041996598715,0.3332041996598715,False
GSE30529,COL4A5,0.4278790992280211,0.4278790992280211,False
GSE30529,COL4A6,-0.21407608851316817,0.15226444976485895,True
GSE30529,COL5A1,1.0267501360501188,0.9839402145742487,False
GSE30529,COL5A2,1.3195350059546378,1.4996325097784373,False
GSE30529,COL5A3,-0.8578892726835997,-1.0331097424231634,False
GSE30529,COL6A1,-0.652886816160536,-0.7241900878690349,False
GSE30529,COL6A2,1.2573833370407985,0.8542764544208112,False
GSE30529,COL6A3,1.880730903082757,1.880730903082757,False
GSE30529,COL7A1,0.13068750795863301,0.10120110840162283,False
GSE30529,COL8A1,-0.1555489850249684,-0.16306482690532928,False
GSE30529,COL8A2,-0.735615113239329,0.8743224558163595,True
GSE30529,COL9A1,-1.5911071224056568,-1.5911071224056568,False
GSE30529,COL9A2,-0.21187757721079484,-0.21187757721079484,False
GSE30529,COL9A3,-1.0209022389174238,-1.0209022389174238,False
GSE30529,COLEC10,-0.9299480171468661,-0.9299480171468661,False
GSE30529,COLEC11,-0.5917159319196841,-0.5917159319196841,False
GSE30529,COLGALT1,0.5424276183946571,0.5424276183946571,False
GSE30529,COLGALT2,0.05791654368638159,0.05791654368638159,False
GSE30529,COMP,1.33208154544197,1.33208154544197,False
GSE30529,CPB2,-0.9168540629079115,-0.9168540629079115,False
GSE30529,CPN1,-1.252135780505864,-1.252135780505864,False
GSE30529,CPN2,-0.513231045577622,-0.513231045577622,False
GSE30529,CR1,0.9085766381978171,-0.7856899379130475,True
GSE30529,CR2,-0.4207621613757173,-0.4207621613757173,False
GSE30529,CREBBP,-1.4880535643083912,0.2249538095594501,True
GSE30529,CRP,-0.8295978826809725,-1.4060495413987937,False
GSE30529,CRTAP,-0.5254099408970597,-0.5254099408970597,False
GSE30529,CTRB1,-1.9439511897281663,-1.9439511897281663,False
GSE30529,CTRB2,-0.9091617524978219,-0.9091617524978219,False
GSE30529,CTSB,0.8463846782256206,0.20030786003494894,False
GSE30529,CTSD,1.2181685896465297,1.2181685896465297,False
GSE30529,CTSG,0.851064475548277,0.851064475548277,False
GSE30529,CTSK,1.1829077747460528,1.1829077747460528,False
GSE30529,CTSL,0.15048063157108454,0.15048063157108454,False
GSE30529,CTSS,2.1773633722826133,2.614741419120057,False
GSE30529,CTSV,-0.5987092376041268,-0.5987092376041268,False
GSE30529,CUL2,0.7516697894935488,0.7468877858623849,False
GSE30529,CX3CL1,0.34689554652129634,0.22092374928428393,False
GSE30529,CX3CR1,2.47133830623237,2.47133830623237,False
GSE30529,CXADR,1.5223894812195329,1.5223894812195329,False
GSE30529,CXCL1,1.6701903160646145,1.6701903160646145,False
GSE30529,CXCL10,0.8963524334939024,0.8963524334939024,False
GSE30529,CXCL11,0.8708510764813648,0.7649967410999609,False
GSE30529,CXCL12,1.1134915919922694,1.5523545984554807,False
GSE30529,CXCL13,0.47789897833626255,0.47789897833626255,False
GSE30529,CXCL2,-0.15601637606126295,-0.15601637606126295,False
GSE30529,CXCL3,0.09911644840214145,0.09911644840214145,False
GSE30529,CXCL5,0.8147100033659438,-0.07988589333813904,True
GSE30529,CXCL6,3.9496732131131207,3.9496732131131207,False
GSE30529,CXCL8,0.271784141827901,1.2463403372776094,False
GSE30529,CXCL9,1.0986549612493006,1.0986549612493006,False
GSE30529,CXCR1,-0.7167048140210557,-0.7167048140210557,False
GSE30529,CXCR2,0.3941256550823091,0.3941256550823091,False
GSE30529,CXCR3,0.6196617927400803,-0.023054029883980743,True
GSE30529,CXCR4,1.6089498876123849,1.4905604697087504,False
GSE30529,CXCR5,-0.7690434027346703,-1.0301336027470984,False
GSE30529,CXCR6,1.1812208076185557,0.8391661057813486,False
GSE30529,DAG1,-1.9413520683468188,-0.4966077572590167,False
GSE30529,DCN,0.8559436753943508,1.1152795037948589,False
GSE30529,DDR1,1.348566423710721,1.4365000146372144,False
GSE30529,DDR2,-0.5545203698844007,-0.5545203698844007,False
GSE30529,DMD,0.6010290845857142,-0.04376146927960087,True
GSE30529,DMP1,-0.9208806054383957,-1.0617090457805143,False
GSE30529,DOK2,0.19584507482241775,0.19584507482241775,False
GSE30529,DRP2,-0.8072785201982184,-0.8072785201982184,False
GSE30529,DSPP,0.11025130097915334,0.11025130097915334,False
GSE30529,DST,0.552560774769174,-0.9330257379173678,True
GSE30529,DTNA,-0.29854358239498674,-1.0383684749311735,False
GSE30529,DTNB,-1.1486337402968525,-0.8812609039779046,False
GSE30529,E2F4,-0.3989805882857532,-0.5839993001220194,False
GSE30529,E2F5,0.9723501046327196,0.9723501046327196,False
GSE30529,EFEMP1,1.3450289012646468,1.2317903697773003,False
GSE30529,EFEMP2,0.1138348179321424,0.3292826768574484,False
GSE30529,EGLN1,0.49490496526293687,0.49490496526293687,False
GSE30529,EGLN2,-0.3293405195675902,-0.3293405195675902,False
GSE30529,EGLN3,0.9077757895857455,0.9077757895857455,False
GSE30529,ELANE,-0.9926326085085662,-0.9926326085085662,False
GSE30529,ELN,-0.8313521427281648,-0.8856911483928883,False
GSE30529,EMILIN1,0.3895737166406688,0.3895737166406688,False
GSE30529,EMILIN2,-0.5581274400520776,-0.5581274400520776,False
GSE30529,EP300,0.658745982761733,0.3880491520176682,False
GSE30529,EPAS1,-1.8837301807648545,-0.7260010031261577,False
GSE30529,EPCAM,0.4397439165743929,0.4397439165743929,False
GSE30529,EPO,-0.3375219142959779,-1.9230323238336495,False
GSE30529,F10,-1.088987650662936,-1.088987650662936,False
GSE30529,F11,-2.349847185380758,-2.349847185380758,False
GSE30529,F11R,1.099381027327706,0.4548271829924614,False
GSE30529,F12,0.7314943087798331,0.08930073284242232,False
GSE30529,F13A1,0.6900185868061882,0.6900185868061882,False
GSE30529,F13B,-0.6681144555270594,-0.6681144555270594,False
GSE30529,F2,-1.604988435461884,-1.604988435461884,False
GSE30529,F2R,0.9806915997017636,0.9806915997017636,False
GSE30529,F3,0.21078760758232487,0.21078760758232487,False
GSE30529,F5,1.057321419067327,0.6481754337729889,False
GSE30529,F7,-0.7981763449690572,-0.7981763449690572,False
GSE30529,F8,-0.7377057011848981,-0.7377057011848981,False
GSE30529,F9,-0.3191595566506634,-0.3191595566506634,False
GSE30529,FBLN1,0.6118273764583748,0.017261312139340988,False
GSE30529,FBLN2,0.39856013763995335,0.39856013763995335,False
GSE30529,FBLN5,1.3718336054151838,1.3718336054151838,False
GSE30529,FBN1,1.6649713316895425,1.2505002197906145,False
GSE30529,FBN2,0.35075777765126587,0.09126987526177228,False
GSE30529,FCER1G,1.2790042358037748,1.2790042358037748,False
GSE30529,FCN1,1.4627677303105933,1.4627677303105933,False
GSE30529,FCN2,-1.9274891360607795,-1.6208276357497933,False
GSE30529,FCN3,-0.8834531395456828,-0.8834531395456828,False
GSE30529,FGA,-0.3185183193300695,-0.2705368143202737,False
GSE30529,FGB,0.020663767740132812,0.05778711948470551,False
GSE30529,FGF2,1.172574588611796,0.7321824114596828,False
GSE30529,FGG,0.7108025054588094,0.7108025054588094,False
GSE30529,FKBP1A,1.0167081290912914,0.24473630145069786,False
GSE30529,FMOD,0.9196192860696784,0.9196192860696784,False
GSE30529,FN1,1.9755371467016767,1.9527499258066658,False
GSE30529,FURIN,-1.555227717769819,-1.555227717769819,False
GSE30529,FYN,0.8259246720568791,0.7025339390584928,False
GSE30529,GAS6,0.27708052845594905,0.07564039623547818,False
GSE30529,GDF5,-1.1695461876484268,-1.1695461876484268,False
GSE30529,GLG1,0.29418908878318645,0.047740325926708536,False
GSE30529,GP1BA,-0.7095835137644214,-0.7095835137644214,False
GSE30529,GP1BB,0.11249633542482054,-0.7360665283441635,True
GSE30529,GP5,-0.8637731739293322,-0.8091450005594091,False
GSE30529,GP6,-0.8890949325191093,-0.8890949325191093,False
GSE30529,GP9,-0.9417907645605532,-0.9417907645605532,False
GSE30529,GPC1,0.4771519251769747,0.13246593017630343,False
GSE30529,GPC3,-0.1955205131576853,-0.1955205131576853,False
GSE30529,GPC4,1.7223059706561907,2.0383695940954745,False
GSE30529,GPC5,-1.2065853509792848,-1.2065853509792848,False
GSE30529,GRB14,-0.08088020414683046,-0.08088020414683046,False
GSE30529,GRB2,-0.4595949754642228,-0.4595949754642228,False
GSE30529,GRB7,0.11772710496488219,0.11772710496488219,False
GSE30529,GYPA,-0.9480715218836928,-1.5267728621458188,False
GSE30529,GYPB,-0.9325525471804806,-0.5736046928591787,False
GSE30529,GYPC,0.8069770712729403,0.8069770712729403,False
GSE30529,GZMM,-0.7684235864529595,-0.7684235864529595,False
GSE30529,HAPLN1,0.34991741985776853,-0.04637444785623733,True
GSE30529,HDAC1,0.7055814406488317,0.7055814406488317,False
GSE30529,HIF1A,1.0126841064571617,1.0126841064571617,False
GSE30529,HIF1AN,-0.3627803838620331,-0.6214588697980203,False
GSE30529,HIF3A,-1.6744332790211445,-1.921092590402031,False
GSE30529,HIGD1A,0.338293848464496,0.3517730691888247,False
GSE30529,HRAS,0.2642526067740703,0.2642526067740703,False
GSE30529,HSPG2,-0.4034240067770203,-0.22599516793642666,False
GSE30529,HTRA1,0.22837646873968184,0.22837646873968184,False
GSE30529,IBSP,-1.5996025603617712,-1.5996025603617712,False
GSE30529,ICAM1,1.7171494840687767,0.8721439185637025,False
GSE30529,ICAM2,0.9188604175266388,0.8750588213098045,False
GSE30529,ICAM3,0.40522884858611524,0.40522884858611524,False
GSE30529,ICAM4,-0.17611842768127015,-0.17611842768127015,False
GSE30529,ICAM5,-1.3473675297971965,-1.3473675297971965,False
GSE30529,IGHA1,0.7604866311514823,-0.04083002910720073,True
GSE30529,IGHG1,3.3542932097697333,0.1738522706092877,False
GSE30529,IGHM,1.52919403082387,0.6090151970242131,False
GSE30529,IGKC,2.53707694502851,0.772000334304288,False
GSE30529,IGKV1-17,1.2562217316177462,1.2562217316177462,False
GSE30529,IGLC1,0.8161352665178067,1.2071459457697022,False
GSE30529,IGLL1,-1.1051719925351122,-1.1051719925351122,False
GSE30529,IGLV1-44,0.3374189557133303,0.46359139010242245,False
GSE30529,IGLV4-60,-0.20374656498742275,-0.20374656498742275,False
GSE30529,IGLV6-57,-0.1626196112513103,-0.1626196112513103,False
GSE30529,INPP5D,1.5649303972801358,1.0229511894590633,False
GSE30529,ITGA1,0.5855048170027847,0.5855048170027847,False
GSE30529,ITGA10,-1.3746261384847482,-1.3746261384847482,False
GSE30529,ITGA2,2.0128777141690044,2.0128777141690044,False
GSE30529,ITGA2B,-0.8214875794255887,-1.8500943652264117,False
GSE30529,ITGA3,0.5156993078559692,0.5156993078559692,False
GSE30529,ITGA4,1.9628586504257077,1.0838687842327275,False
GSE30529,ITGA5,-0.19433052218108426,-0.19433052218108426,False
GSE30529,ITGA6,-0.24795878608807673,0.12699244064673265,True
GSE30529,ITGA7,-0.5848841755049655,-0.7155317530161895,False
GSE30529,ITGA8,0.006880331733308477,0.006880331733308477,False
GSE30529,ITGA9,-0.3732413739581923,-0.3732413739581923,False
GSE30529,ITGAE,0.19222957361668638,0.19222957361668638,False
GSE30529,ITGAL,0.6796157614422375,0.6796157614422375,False
GSE30529,ITGAM,2.3151038304117595,2.3151038304117595,False
GSE30529,ITGAV,1.5695276453101394,1.5695276453101394,False
GSE30529,ITGAX,0.618949669821483,0.618949669821483,False
GSE30529,ITGB1,-0.47207893216319724,-0.794523429063783,False
GSE30529,ITGB2,2.0456376162665837,2.0456376162665837,False
GSE30529,ITGB3,2.1329560714535507,0.995009529526225,False
GSE30529,ITGB4,-1.5852320636865056,-1.785492443942168,False
GSE30529,ITGB5,0.8264167349310393,0.788939404225812,False
GSE30529,ITGB6,1.8030022365281289,1.4845448121857208,False
GSE30529,ITGB7,0.49721785347547,0.49721785347547,False
GSE30529,ITGB8,0.9983053334812781,1.1337572849807562,False
GSE30529,JAM2,0.43598154552986673,0.43598154552986673,False
GSE30529,JAM3,0.5147555157199977,0.5147555157199977,False
GSE30529,JUNB,-0.3217045506674013,-0.3217045506674013,False
GSE30529,KDR,0.6084657845255684,0.6084657845255684,False
GSE30529,KLK2,-0.7694746806697829,-1.3552800639041207,False
GSE30529,KLK7,-0.8283256603405033,-0.8283256603405033,False
GSE30529,KLKB1,-1.2863186304410352,-1.2863186304410352,False
GSE30529,KNG1,-1.408344264783915,-1.5119805204980648,False
GSE30529,KRAS,-0.23031704784418647,0.7004477294442599,True
GSE30529,L1CAM,-0.17909959330333233,-0.636767832985517,False
GSE30529,LAMA1,-1.2406080213265733,-1.2406080213265733,False
GSE30529,LAMA2,1.1086058584268863,1.0261518713736724,False
GSE30529,LAMA3,1.2577011644463159,1.2577011644463159,False
GSE30529,LAMA4,1.3656533617643496,-0.8056905872286884,True
GSE30529,LAMA5,1.6774977978750458,1.6774977978750458,False
GSE30529,LAMB1,1.6271116126570766,1.328664271934797,False
GSE30529,LAMB2,0.11039731463985196,0.11039731463985196,False
GSE30529,LAMB3,0.8649539222473857,0.8649539222473857,False
GSE30529,LAMC1,1.1022220626142119,2.0692348160539487,False
GSE30529,LAMC2,1.5928489439517604,1.6808418281941004,False
GSE30529,LAMC3,0.11730331189149369,0.11730331189149369,False
GSE30529,LCK,1.4744427500274828,1.2939761919611625,False
GSE30529,LIMD1,-1.1628167859764966,-0.7134666643812181,False
GSE30529,LOX,0.4188651228364159,0.13272470223922897,False
GSE30529,LOXL1,2.0519458053586574,2.0519458053586574,False
GSE30529,LOXL2,2.0992840749597357,-0.9858320748776417,True
GSE30529,LRP4,-0.05344785817468501,-0.05344785817468501,False
GSE30529,LTBP1,0.29123589910133313,0.34567382930024604,False
GSE30529,LTBP2,-0.1268012132193019,-0.1268012132193019,False
GSE30529,LTBP3,1.0661734518410755,1.0661734518410755,False
GSE30529,LTBP4,-0.29628633844979546,-0.10193796886138287,False
GSE30529,LUM,1.9997998318167598,1.9997998318167598,False
GSE30529,LYN,1.952853719406124,2.0364542662536067,False
GSE30529,MADCAM1,-1.7906006369853038,-1.7906006369853038,False
GSE30529,MAG,-0.5584951261663115,-0.7423351248130907,False
GSE30529,MAPK1,0.42261387146051627,1.322941020363407,False
GSE30529,MAPK3,-0.59866308317509,-0.59866308317509,False
GSE30529,MASP1,-0.4911248315925014,-1.0324495878038837,False
GSE30529,MASP2,-1.0863804214008146,-1.8220416286537229,False
GSE30529,MATN1,-1.442003839781231,-0.8952265629705517,False
GSE30529,MATN3,1.4225884595266678,1.4225884595266678,False
GSE30529,MATN4,-0.749710193635209,-0.749710193635209,False
GSE30529,MBL2,-0.9491960151469233,-0.9491960151469233,False
GSE30529,MEN1,-0.1547178770126897,-0.1547178770126897,False
GSE30529,MERTK,-1.2564448353741526,-0.35902588650983075,False
GSE30529,MFAP2,0.9435164776210374,0.9435164776210374,False
GSE30529,MFAP3,-0.34475645658868154,0.7178121413606229,True
GSE30529,MFAP4,0.8570807460471265,0.8570807460471265,False
GSE30529,MFAP5,-0.3257177814939497,-0.42671926059147175,False
GSE30529,MIF,0.07588512743597389,0.07588512743597389,False
GSE30529,MMP1,0.39531004697278804,0.39531004697278804,False
GSE30529,MMP10,-0.11714596650191401,-0.11714596650191401,False
GSE30529,MMP11,0.8310703185379014,0.38042542607467417,False
GSE30529,MMP12,-0.0011077323651713987,-0.0011077323651713987,False
GSE30529,MMP13,-1.1687553891201783,-1.1687553891201783,False
GSE30529,MMP14,-1.2810374392031227,-1.258175340018204,False
GSE30529,MMP15,0.6279782427967074,0.6279782427967074,False
GSE30529,MMP16,-0.2331054376089259,-0.6439468723671075,False
GSE30529,MMP17,-0.36410925370012226,-0.36410925370012226,False
GSE30529,MMP19,-1.4034285751622517,-0.7583473562732742,False
GSE30529,MMP2,0.6752428707367768,0.6752428707367768,False
GSE30529,MMP20,-0.7082623186350738,-0.7082623186350738,False
GSE30529,MMP24,-1.2050770393145114,-0.46732620576602674,False
GSE30529,MMP25,-0.9604042155438121,-1.7347134310540644,False
GSE30529,MMP3,0.43683830693520476,0.43683830693520476,False
GSE30529,MMP7,3.8812955389179513,3.8812955389179513,False
GSE30529,MMP8,-0.982464429466026,-0.982464429466026,False
GSE30529,MMP9,0.5514168539071262,0.5514168539071262,False
GSE30529,MTMR4,0.5677625744793242,-0.0025393105585565377,True
GSE30529,MUSK,-1.2826928561947049,-1.9819415606500301,False
GSE30529,MYC,2.117606517245019,2.117606517245019,False
GSE30529,NCAM1,0.5861018820490225,-0.800445627476198,True
GSE30529,NCAN,-1.1385406417196227,-1.1385406417196227,False
GSE30529,NCOR1,0.8611830761988738,0.0008209493936518014,False
GSE30529,NCOR2,-1.5375388462949082,-2.127286646188776,False
GSE30529,NCSTN,0.7826289465205427,0.7826289465205427,False
GSE30529,NEDD4L,-0.17381223547224478,-0.04211777929921135,False
GSE30529,NEDD8,-0.05595674584801562,-0.05595674584801562,False
GSE30529,NID1,-0.38802991324256064,0.9895887680764709,True
GSE30529,NID2,1.151765136834065,1.151765136834065,False
GSE30529,NRAS,0.38926467401123066,0.38926467401123066,False
GSE30529,NRXN1,-1.3551529384604977,-1.6444909997986294,False
GSE30529,OLR1,0.3765569060550853,0.3765569060550853,False
GSE30529,P4HA1,-0.6669987457961055,-0.6669987457961055,False
GSE30529,P4HB,1.0987457780463823,1.1076221575597305,False
GSE30529,PARD3,1.003976549333937,0.8831349683026529,False
GSE30529,PARD6A,-1.278046550228305,-1.278046550228305,False
GSE30529,PARP1,1.057016784551729,1.057016784551729,False
GSE30529,PCOLCE,0.6136342123766404,0.6136342123766404,False
GSE30529,PCOLCE2,-0.30781404764600484,-0.30781404764600484,False
GSE30529,PDGFA,-0.18823633552183086,0.4624919756539263,True
GSE30529,PDGFB,-0.6320192447381856,-0.9269606176720209,False
GSE30529,PECAM1,1.4139431635884705,1.1670061916177892,False
GSE30529,PF4,0.09875768531107752,0.09875768531107752,False
GSE30529,PF4V1,1.9253084508159184,1.9253084508159184,False
GSE30529,PICK1,-0.951442832661886,-0.951442832661886,False
GSE30529,PIK3CA,0.4230998117162132,0.4230998117162132,False
GSE30529,PIK3CB,-1.4446406086877142,-0.9673758275103822,False
GSE30529,PIK3R1,0.4389968111758473,0.06366189669409361,False
GSE30529,PIK3R2,-1.6004077594269461,-1.6004077594269461,False
GSE30529,PLCG1,-1.0217528771484394,-0.7716683799438172,False
GSE30529,PLEC,-1.0673340732969736,-0.678537699490769,False
GSE30529,PLG,-0.3521863689604976,-0.3521863689604976,False
GSE30529,PLOD1,-0.48916560647020796,-0.48916560647020796,False
GSE30529,PLOD2,1.0427041109592847,1.0583922594754969,False
GSE30529,PLOD3,0.10343339664334668,0.10343339664334668,False
GSE30529,PMEPA1,0.533836913267966,0.533836913267966,False
GSE30529,PPBP,0.30265448537107487,0.30265448537107487,False
GSE30529,PPIA,1.0806037915990474,1.0806037915990474,False
GSE30529,PPIB,1.5864021711766914,1.6598848828740604,False
GSE30529,PPIL2,-0.7459063782782918,-0.7715454521124543,False
GSE30529,PPM1A,-0.464194801536868,-0.65385857084224,False
GSE30529,PPP1CA,0.8100865421321917,0.8100865421321917,False
GSE30529,PPP1CB,0.4971241184353825,0.8202326539066433,False
GSE30529,PPP1CC,0.6192649230300449,0.6192649230300449,False
GSE30529,PPP1R15A,-1.2958177730091487,-1.397842753147098,False
GSE30529,PRKCA,-0.8585632344399913,-1.613395860774283,False
GSE30529,PRKCZ,-0.8812179265642206,-0.8812179265642206,False
GSE30529,PROC,-1.5086515679843462,-1.5086515679843462,False
GSE30529,PROCR,1.4941297732129013,1.4941297732129013,False
GSE30529,PROS1,0.7685726925995757,0.7685726925995757,False
GSE30529,PROZ,-1.204438754965457,-1.204438754965457,False
GSE30529,PRSS1,0.07786725583317798,0.07786725583317798,False
GSE30529,PRSS2,-2.3714450862722956,-2.027628383403829,False
GSE30529,PRTN3,-1.780331126231658,-1.780331126231658,False
GSE30529,PSEN1,0.6606314356481303,0.7277563006498021,False
GSE30529,PSG1,-0.5466038628517018,-1.1863761509974868,False
GSE30529,PSG11,-1.215158444862199,-1.2809628870946776,False
GSE30529,PSG2,-1.1058357176016214,-1.1058357176016214,False
GSE30529,PSG3,-0.7780655009783477,-0.7780655009783477,False
GSE30529,PSG4,-1.2318069571402108,-1.2318069571402108,False
GSE30529,PSG5,-1.0155829393075497,-1.0155829393075497,False
GSE30529,PSG6,-1.1153076649311686,-1.4910404262290402,False
GSE30529,PSG7,-0.8827669898647891,-0.8827669898647891,False
GSE30529,PSG9,-0.9235696260075733,-1.6658852634907249,False
GSE30529,PSMA1,1.1626951259649718,0.7462299297632666,False
GSE30529,PSMA2,-0.16702199269005383,0.3609473894176294,True
GSE30529,PSMA3,0.8806733864466118,0.8806733864466118,False
GSE30529,PSMA4,1.202373223740198,1.202373223740198,False
GSE30529,PSMA5,0.38962504882223375,0.38962504882223375,False
GSE30529,PSMA7,0.24747808665765014,0.6046114950704802,False
GSE30529,PSMB1,-0.8325521718349581,0.10381179199290685,True
GSE30529,PSMB2,0.7528892794777505,0.5736523938334538,False
GSE30529,PSMB3,0.7557608666949186,0.7557608666949186,False
GSE30529,PSMB4,-0.06685206024781806,0.6347075824219023,True
GSE30529,PSMB5,0.27929574035791827,0.27929574035791827,False
GSE30529,PSMB6,0.38993929963428636,0.38993929963428636,False
GSE30529,PSMB7,0.2610677382676,0.2610677382676,False
GSE30529,PSMC1,0.5167046492147315,0.5167046492147315,False
GSE30529,PSMC2,1.204340641196328,0.5922868030931691,False
GSE30529,PSMC3,0.7065417487169182,0.7065417487169182,False
GSE30529,PSMC4,0.16101899396625285,0.16101899396625285,False
GSE30529,PSMC5,-0.16171976799894974,-0.16171976799894974,False
GSE30529,PSMC6,0.5942668077533018,0.5942668077533018,False
GSE30529,PSMD1,0.6816608181529836,0.8672262516524165,False
GSE30529,PSMD11,0.9370416051470263,0.6847490768613861,False
GSE30529,PSMD12,0.17977531651486897,0.3935309615247206,False
GSE30529,PSMD13,0.9504275451027574,0.8733623078198517,False
GSE30529,PSMD14,0.34872749142396353,0.34872749142396353,False
GSE30529,PSMD2,0.32386403681933795,0.32386403681933795,False
GSE30529,PSMD3,0.27815743838936746,0.27815743838936746,False
GSE30529,PSMD6,0.5363334970385712,0.5363334970385712,False
GSE30529,PSMD7,0.5386657998052657,0.5386657998052657,False
GSE30529,PSMD8,0.49975977532032073,0.49975977532032073,False
GSE30529,PTPN11,-0.34798001536145917,0.017380894161776368,True
GSE30529,PTPN6,0.4335759413088549,0.4335759413088549,False
GSE30529,PTPRS,-1.003198160060993,-1.003198160060993,False
GSE30529,PXDN,2.9404854730056846,2.7796027121821743,False
GSE30529,RBL1,1.2169893130021454,1.2169893130021454,False
GSE30529,RBX1,0.3935133965473895,0.3935133965473895,False
GSE30529,RHOA,1.6060528809090102,1.6060528809090102,False
GSE30529,RNF111,0.7388181037486012,0.7388181037486012,False
GSE30529,RPS27A,-0.09004854206542365,-0.09004854206542365,False
GSE30529,SCUBE3,-1.5958981486618322,-1.5958981486618322,False
GSE30529,SDC1,-1.439764639153344,-1.0852968392801654,False
GSE30529,SDC2,0.37418729882425966,0.5981208588876527,False
GSE30529,SDC3,1.6241784944599322,1.6241784944599322,False
GSE30529,SDC4,0.8735650228615434,0.8735650228615434,False
GSE30529,SELE,0.24352226124814996,0.24352226124814996,False
GSE30529,SELL,2.166951053466933,2.166951053466933,False
GSE30529,SELP,0.8729445211519503,0.8729445211519503,False
GSE30529,SELPLG,1.2342567144736907,0.6875913863390358,False
GSE30529,SERPINA10,-0.8222409266398009,-0.8222409266398009,False
GSE30529,SERPINA5,-0.35807693641652644,-0.35807693641652644,False
GSE30529,SERPINC1,-0.9024560271399251,-0.9024560271399251,False
GSE30529,SERPIND1,-1.1795988991925497,-1.1795988991925497,False
GSE30529,SERPINE1,-0.6254961978604389,-0.8601031566239633,False
GSE30529,SERPINE2,1.4229112764806044,1.4229112764806044,False
GSE30529,SERPING1,1.9886163377905062,1.9886163377905062,False
GSE30529,SERPINH1,1.8745630682603975,1.8745630682603975,False
GSE30529,SGCA,-1.1114423480622562,-1.1114423480622562,False
GSE30529,SGCB,0.08876268479930448,0.2362784778732299,False
GSE30529,SGCD,-1.1253132572731246,-1.3490216122674454,False
GSE30529,SGCE,1.0071649467091315,1.0071649467091315,False
GSE30529,SGCG,-0.9867625909443365,-0.9867625909443365,False
GSE30529,SH3PXD2A,-0.24386509380349805,-0.3412087815928305,False
GSE30529,SHC1,0.15925357248426295,0.6513967993797729,False
GSE30529,SIRPA,1.1189862791487049,-0.5085460103143752,True
GSE30529,SIRPG,-0.5087148487977378,-0.5087148487977378,False
GSE30529,SKI,-0.07369203335001176,-0.07369203335001176,False
GSE30529,SKIL,-0.713991986512252,-0.232246783538837,False
GSE30529,SLC16A1,-0.601304739836934,-0.09437106181628674,False
GSE30529,SLC16A8,-0.8062541132249427,-0.8062541132249427,False
GSE30529,SLC3A2,-0.250253385150469,-0.250253385150469,False
GSE30529,SLC7A10,-1.1098564112159301,-1.1098564112159301,False
GSE30529,SLC7A11,0.9525209017361539,0.2106681111804522,False
GSE30529,SLC7A5,-0.922369283309462,-0.922369283309462,False
GSE30529,SLC7A6,-0.41893533065006777,-0.1728583424374201,False
GSE30529,SLC7A7,-0.35193525016268423,-0.35193525016268423,False
GSE30529,SLC7A8,-1.174815105447929,-0.4208200554555595,False
GSE30529,SLC7A9,-0.41121560005423297,-0.41121560005423297,False
GSE30529,SMAD2,1.334892861367328,1.1169855377215796,False
GSE30529,SMAD3,-1.4960802106175424,-1.2555444943856817,False
GSE30529,SMAD4,0.7606984521804167,0.3784978498657085,False
GSE30529,SMAD7,0.08505209550527208,0.08505209550527208,False
GSE30529,SMPD1,-1.354884197924791,-1.34425311612927,False
GSE30529,SMURF1,-0.9976134090410418,-1.130111605600238,False
GSE30529,SMURF2,0.14326509630451087,0.14326509630451087,False
GSE30529,SNTA1,-2.005548959850468,-2.005548959850468,False
GSE30529,SNTB1,-0.6947674648846689,-1.1131261228025857,False
GSE30529,SNTB2,-0.577336787094529,-1.1085904001361047,False
GSE30529,SNTG2,-0.5017285455602116,-0.5017285455602116,False
GSE30529,SNW1,1.7509968604924329,1.8623107640406646,False
GSE30529,SOS1,-0.16502043201178426,-0.30866947488851776,False
GSE30529,SP1,-1.1450135322833874,-1.1450135322833874,False
GSE30529,SPARC,3.5688520588372694,2.760041476276789,False
GSE30529,SPN,-1.6480421932948888,-1.6480421932948888,False
GSE30529,SPOCK3,-0.9936212344998825,-1.1224334326229202,False
GSE30529,SPP1,1.1498115072591386,1.1498115072591386,False
GSE30529,SRC,0.5087552023471297,-1.1412085692810594,True
GSE30529,SSPN,1.1800863549261937,1.9420756929950482,False
GSE30529,STAT1,1.4246059426704283,1.8500279267635282,False
GSE30529,STRAP,-0.03703637624098373,-0.03703637624098373,False
GSE30529,STUB1,-0.4592866236240359,-0.4592866236240359,False
GSE30529,TEK,-1.9854644979343379,-0.8852228917849359,False
GSE30529,TFDP1,0.26713611006376087,0.5758087980941246,False
GSE30529,TFDP2,-0.546695478194439,-0.4667651168312876,False
GSE30529,TFPI,0.40855708824086356,0.5674772964747336,False
GSE30529,TGFB1,0.04092211568287034,-0.5579634321488648,True
GSE30529,TGFB2,1.6573927812767397,-0.12909409249444603,True
GSE30529,TGFB3,-0.18595719028134464,-0.18595719028134464,False
GSE30529,TGFBR1,-0.23402049586660414,-0.23402049586660414,False
GSE30529,TGFBR2,-1.47378764213182,1.0776337828131966,True
GSE30529,TGFBR3,-0.4719367404508222,-0.4719367404508222,False
GSE30529,TGIF1,1.1660823645272043,1.1660823645272043,False
GSE30529,TGIF2,0.13179418620549607,0.960237999848873,False
GSE30529,THBD,0.5511258551854865,0.5433898544820326,False
GSE30529,THBS1,1.3844828746293192,0.46105753795041526,False
GSE30529,TIMP1,1.990935683988376,1.990935683988376,False
GSE30529,TIMP2,0.6091859650702904,0.6091859650702904,False
GSE30529,TLL1,-0.06801159152574832,-0.06801159152574832,False
GSE30529,TLL2,-0.09114514337411236,0.1979005828576682,True
GSE30529,TMPRSS6,-0.8988602066052053,-0.8988602066052053,False
GSE30529,TNC,2.73525524540963,2.5369071256921836,False
GSE30529,TNFRSF10B,-1.0086939969817472,-1.1057978373147228,False
GSE30529,TNFRSF10D,-0.8867043498891026,-0.8867043498891026,False
GSE30529,TNN,-1.3869366759204178,-1.3869366759204178,False
GSE30529,TNR,-1.5730638734968256,-1.941315660630521,False
GSE30529,TNXB,-0.6654577567465199,-0.6271231804168595,False
GSE30529,TPSAB1,-0.24479579887778286,-0.32759072123867333,False
GSE30529,TREM1,0.04517843508914928,0.04517843508914928,False
GSE30529,TRIM33,-0.21732379098684163,0.27793781802821954,True
GSE30529,TSPAN7,-0.13107580887762257,-0.13107580887762257,False
GSE30529,TTR,-0.7823593758665989,-0.7823593758665989,False
GSE30529,UBA52,0.22796819340892585,0.22796819340892585,False
GSE30529,UBB,-0.5437024374894405,-0.5437024374894405,False
GSE30529,UBC,0.6029631599888094,0.4520873778604968,False
GSE30529,UBE2D1,1.2479734382597611,0.6991232203207277,False
GSE30529,UBE2D2,0.2482717424506444,0.49701593475542355,False
GSE30529,UBE2D3,0.7263593489796527,0.5191006814356476,False
GSE30529,UBE2M,0.3188775753970683,0.3188775753970683,False
GSE30529,UCHL5,-0.01655358899611517,0.24955626269393855,True
GSE30529,USP9X,0.14902682272605836,0.12019543220250124,False
GSE30529,UTRN,-0.9766067497388281,-1.1162538077836277,False
GSE30529,VCAM1,1.8716593327676654,1.8716593327676654,False
GSE30529,VCAN,2.8725168989669165,3.3489118713451,False
GSE30529,VEGFA,-2.1322387678292367,-1.7949482602226743,False
GSE30529,VHL,-0.1834945752712064,-0.1834945752712064,False
GSE30529,VPREB1,-0.32895151375604537,-0.32895151375604537,False
GSE30529,VPREB3,-0.9821641064634988,-0.9821641064634988,False
GSE30529,VWF,1.2214552683933158,1.2214552683933158,False
GSE30529,WWTR1,-1.3315866655383677,-0.03689936660604289,False
GSE30529,XCL1,0.9572122845869269,0.8086223227418508,False
GSE30529,XCR1,-1.0678878748969682,-1.0678878748969682,False
GSE30529,XPO1,0.9419187241408966,0.9419187241408966,False
GSE30529,YBX1,0.650185034185473,0.5448120420188024,False
GSE30529,YES1,-0.8577917770395559,0.4100354245892973,True
GSE30529,ZFYVE9,-0.6200231815207818,-1.3778136314809482,False
