uid,accession,title,summary,organism,entry_type,gds_type,platform_ids,publication_date,n_samples,pubmed_ids,bioproject,ftp_link,matched_queries,priority_screen,priority_reason,final_decision,final_exclusion_reason
200100185,GSE100185,Sirt6 Deficiency Exacerbates Podocyte Injury and Proteinuria through Targeting Notch Signaling,"Podocyte injury is a major determinant in proteinuric kidney disease and identification of potential therapeutic targets for preventing podocyte injury has clinical importance. Here, we show that histone deacetylase Sirt6 protects against podocyte injury through epigenetic regulation of Notch signaling. Sirt6 is downregulated in renal biopsies from patients with podocytopathies and its expression negatively correlates withglomerular filtration rate. Podocyte-specific deletion of Sirt6 exacerbates podocyte injury and proteinuria in two independent mouse models including diabetic nephropathy and adriamycin-induced nephropathy. Sirt6 has pleiotropic protective actions in podocytes including anti-inflammatory and anti-apoptotic effects, is involved in actin cytoskeleton maintenance, and promotes autophagy. Sirt6 also reduces urokinase plasminogen activator receptor expression, which is a key factor for podocyte foot process effacement and proteinuria. Mechanistically, Sirt6 inhibits Notch1 and Notch4 transcription by deacetylating the histone H3K9. We suggest Sirt6 as a potential therapeutic target in proteinuric kidney disease.",Homo sapiens,GSE,Expression profiling by array,6480,2017/06/20,4,28871079,PRJNA390937,ftp://ftp.ncbi.nlm.nih.gov/geo/series/GSE100nnn/GSE100185/,Q1_disease_phrases;Q2_broad_diabetes_kidney,True,priority human review,PENDING_HUMAN_REVIEW,
200001009,GSE1009,Diabetic nephropathy,Gene expression profiling in glomeruli from human kidneys with diabetic nephropathy Keywords = Diabetes Keywords = kidney Keywords = glomeruli Keywords: other,Homo sapiens,GSE,Expression profiling by array,8300,2004/04/01,6,15042541,PRJNA87073,ftp://ftp.ncbi.nlm.nih.gov/geo/series/GSE1nnn/GSE1009/,Q1_disease_phrases;Q2_broad_diabetes_kidney,True,priority human review,PENDING_HUMAN_REVIEW,
200140308,GSE140308,Genomewide transcriptional analysis of growth hormone-treated human podocytes,"The growth hormone plays a significant role in normal renal function and overactive growth hormone signaling has been implicated in proteinuria in diabetes. Earlier studies from our group have shown that the glomerular podocytes, which play an essential role in renal filtration, express the growth hormone receptor, suggesting the direct action of growth hormone on these cells. Nevertheless, the precise mechanism and the downstream pathways that are induced by the excess growth hormone in these podocytes leading to diabetic nephropathy are not clearly established. To compressively understand the growth hormone’s effect on podocytes at transcript level we performed RNA-Sequencing. Conditionally immortalized human podocytes were employed in this study.",Homo sapiens,GSE,Expression profiling by high throughput sequencing,16791,2020/08/28,4,,PRJNA589266,ftp://ftp.ncbi.nlm.nih.gov/geo/series/GSE140nnn/GSE140308/,Q1_disease_phrases;Q2_broad_diabetes_kidney,True,priority human review,PENDING_HUMAN_REVIEW,
200142025,GSE142025,Comparison of Kidney Transcriptomic Profiles of Early and Advanced Diabetic Nephropathy Reveals Potential New Mechanisms for Disease Progression,"To identify the factors mediating the progression of di- abetic nephropathy (DN), we performed RNA sequencing of kidney biopsy samples from patients with early DN, advanced DN, and normal kidney tissue from nephrectomy samples. A set of genes that were upregulated at early but downregulated in late DN were shown to be largely renoprotective, which included genes in the retinoic acid pathway and glucagon-like peptide 1 receptor. Another group of genes that were downregulated at early but highly upregulated in advanced DN consisted mostly of genes associated with kidney disease pathogenesis, such as those related to immune response and fibrosis. Correlation with estimated glomerular filtration rate (eGFR) identified genes in the pathways of iron transport and cell differentiation to be positively associated with eGFR, while those in the immune response and fibrosis pathways were negatively associated. Correlation with various histopathological features also identified the association with the distinct gene ontological pathways. Deconvolution analysis of the RNA sequencing data set indicated a significant increase in monocytes, fibroblasts, and myofibroblasts in advanced DN kidneys. Our study thus provides potential molecular mechanisms for DN progression and association of differential gene expression with the functional and structural changes observed in patients with early and advanced DN.",Homo sapiens,GSE,Expression profiling by high throughput sequencing,20301,2019/12/14,36,31578193;32086290,PRJNA595590,ftp://ftp.ncbi.nlm.nih.gov/geo/series/GSE142nnn/GSE142025/,Q1_disease_phrases;Q2_broad_diabetes_kidney,True,priority human review,PENDING_HUMAN_REVIEW,
200158230,GSE158230,Secretory Leukocyte Peptidase Inhibitor (SLPI) is a Novel Predictor of Tubulointerstitial Injury and Renal Outcome in Patients with Diabetic Nephropathy,"Tubulointerstitial injury plays an important role in diabetic nephropathy (DN) progression; however, no reliable urinary molecule has been used to predict tubulointerstitial injury and renal outcome of DN clinically. In this study, based on tubulointerstitial transcriptome, we identified secretory leukocyte peptidase inhibitor (SLPI) as the molecule associated with renal fibrosis and prognosis of DN. In tubular cells, high glucose could upregulate SLPI, which bound with β-catenin and GSK-3β reciprocally, abolished the interaction between β-catenin and GSK-3β, diminished GSK-3β-regulated β-catenin phosphorylation and the subsequent ubiquitination and degradation, thus led to β-catenin signaling activation and renal fibrosis. Db/db mice injected with adenovirus carrying Slpi-3xflag-GFP (Ad-Slpi-GFP) developed β-catenin signaling activation in the proximal tubule, worse albuminuria and tubulointerstitial fibrosis. Conversely, Slpi knockout (KO) mice with STZ-induced DN developed less albuminuria, tubulointerstitial fibrosis and β-catenin signaling activation. Furthermore, clinical studies showed that urinary SLPI protein level (uSLPI/Cr) had significant correlation with intrarenal SLPI mRNA and interstitial fibrosis. In an independent prospective cohort enrolled 711 patients with biopsy proven DN, uSLPI/Cr level was significantly associated with eGFR slope and improved the prediction value of renal outcome. Together, our study identified SLPI as a novel critical regulator for the progression of tubulointerstitial injury, which may be used as an independent risk predictor of DN progression.",Homo sapiens,GSE,Expression profiling by high throughput sequencing,16791,2022/08/03,6,35910382,PRJNA664391,ftp://ftp.ncbi.nlm.nih.gov/geo/series/GSE158nnn/GSE158230/,Q1_disease_phrases;Q2_broad_diabetes_kidney,True,priority human review,PENDING_HUMAN_REVIEW,
200158626,GSE158626,Targeting Set7 in an experimental model of diabetic nephropathy,"Set7 knockout (Set7KO) improved glomerular structure and albuminuria in a mouse model of diabetes. Analysis of mouse single-cell RNA-sequencing data showed dynamic transcriptional changes in diabetic renal cells. Set7KO controls phenotype switching of GEN cell populations through transcriptional regulation of the insulin growth factor binding protein 5 (IGFBP5). Chromatin immunoprecipitation assays confirmed that the expression of the IGFBP5 gene was associated with mono- and dimethylation of histone H3 lysine 4 (H3K4me1/2). This generalizability was investigated in human renal and circulating hyperglycemic cells exposed to TGFb1. We showed that the highly selective Set7 inhibitor PFI-2 attenuated indices associated with renal cell damage and mesenchymal transition, specifically (1) reactive oxygen species production, (2) IGFBP5 gene regulation, and (3) expression of mesenchymal markers. Furthermore, renal benefit observed in Set7KO diabetic mice closely corresponds in human glomerular endothelial cells with PFI-2 inhibition or Set7 shRNA silencing.",Mus musculus; Homo sapiens,GSE,Expression profiling by high throughput sequencing,24676;21103,2024/04/17,28,38630537,PRJNA666001,ftp://ftp.ncbi.nlm.nih.gov/geo/series/GSE158nnn/GSE158626/,Q1_disease_phrases;Q2_broad_diabetes_kidney,True,priority human review,PENDING_HUMAN_REVIEW,
200163603,GSE163603,Transcriptomic Signatures of Kidney Injury in Human Renal Biopsy Specimens,"The gene expression signature of the human kidney interstitium is not fully understood. Transcript expression of laser microdissected cortical interstitium (excluding tubules, glomeruli and large vessels) in 9 human reference nephrectomies was compared to 6 human diabetic kidney biopsy specimens. This transcriptomic data revealed novel interstitial markers and enrichment of relevant pathways. Analysis of diabetic interstitium uncovered genes with unchanged as well as down-regulated expression when compared to reference samples. Laser microdissection (LMD) methodology enables collection of transcriptomic data associated with renal interstitium to aid in interpretation of pathophysiology and precision medicine studies.",Homo sapiens,GSE,Expression profiling by high throughput sequencing,16791,2020/12/22,66,33568476;35675394,PRJNA686939,ftp://ftp.ncbi.nlm.nih.gov/geo/series/GSE163nnn/GSE163603/,Q1_disease_phrases;Q2_broad_diabetes_kidney,True,priority human review,PENDING_HUMAN_REVIEW,
200166239,GSE166239,Partial epithelial-to-mesenchymal transition (EMT) and T cell-mediated inflammation in hypertensive and diabetic nephropathy,"We comparatively evaluated transcriptomes from renal biopsies obtained from patients with T2DN or HN, main causes of CKD, and control renal tissues (n=6 per group). RNA was extracted from formalin-fixed and paraffin-embedded kidney samples and processed for RNA sequencing. Principal component analysis effectively separated diseased and control tissues. Gene and protein expression profiles revealed that EMT-related markers were upregulated in both diseases. Moreover, activation of CD4 and CD lymphocytes, as well as upregulation of the complement system were also observed in both T2DN and HN. These data, suggesting partially common pathogenetic mechanisms, were largely confirmed by IHC analysis.",Homo sapiens,GSE,Expression profiling by high throughput sequencing,18573,2023/12/01,18,37813528,PRJNA699758,ftp://ftp.ncbi.nlm.nih.gov/geo/series/GSE166nnn/GSE166239/,Q1_disease_phrases;Q2_broad_diabetes_kidney,True,priority human review,PENDING_HUMAN_REVIEW,
200182138,GSE182138,Transcriptome analysis and weighted gene co-expression network reveal candidate genes and pathways responses to lactate dehydrogenase inhibition (oxamate) in hyperglycemic human renal proximal epithelial tubular cells,"Diabetic kidney disease (DKD) is the leading cause of both chronic kidney disease (CKD) and end-stage renal disease (ESRD). In this study, we performed transcriptome gene expression profiling of kidney tissues in human renal proximal epithelial tubular cell line (HK-2) treated with high D-glucose (HG) for 7 days before the addition of 40 mM oxamate for a further 24 hours in the presence of HG. Afterwards, we analyzed the differentially expressed (DE) genes and investigated gene relationships based on weighted gene co-expression network analysis (WGCNA). Accordingly, enrichment analyses of GO terms and KEGG pathways showed that several pathways (e.g., lysosome (hsa04142) and p53 signaling pathway (hsa04115)) may be involved in a response of HK-2 cells to oxamate. Moreover, via WGCNA, we identified two modules: both the turquoise and blue modules were enriched in pathways associated with lysosome. However, the P53 signaling pathway was only found using all 3,884 DE genes. Furthermore, the key hub genes IGFBP3 interacted with 6 up-regulated and 12 down-regulated DE genes in the network that were enriched in the P53 signaling pathway. This is the first study reporting co-expression patterns of a gene network after lactate dehydrogenase inhibition in HK-2 cells. Our results may contribute to our understanding of the underlying molecular mechanism of in vitro reprogramming under hyperglycemic stress that orchestrates the survival and functions of HK-2 cells.",Homo sapiens,GSE,Expression profiling by high throughput sequencing,20795,2022/03/31,5,35370938,PRJNA754770,ftp://ftp.ncbi.nlm.nih.gov/geo/series/GSE182nnn/GSE182138/,Q1_disease_phrases;Q2_broad_diabetes_kidney,True,priority human review,PENDING_HUMAN_REVIEW,
200189875,GSE189875,Neutrophil extracellular traps induce glomerular endothelial cell dysfunction and pyroptosis in diabetic kidney disease,"Diabetic kidney disease (DKD) is the leading cause of end-stage renal disease. Neutrophil extracellular traps (NETs) are a network structure composed of loose chromatin and embedded with multiple proteins. Here, we observed increased NETs deposition in the glomeruli of DKD patients and diabetic mice (streptozotocin-induced or db/db mice). After degrading NETs with DNase I, diabetic mice exhibited attenuated glomerulopathy and glomerular endothelial cell (GEC) injury. We also observed alleviated glomerulopathy and GEC injury in peptidylarginine deiminase 4 (PAD4)-knockout mice with streptozotocin-induced diabetes. In vitro, NET-induced GEC pyroptosis was characterized by pore formation in the cell membrane, dysregulation of multiple genes involved in cell membrane function, and high expression of pyroptosis-related proteins. Strengthening the GEC surface charge by oleylamine significantly inhibited NET-induced GEC pyroptosis. These results indicate that NET-induced alterations in GEC charge are associated with GEC pyroptosis in the pathogenesis of DKD and suggest that NETs are a potential therapeutic target for DKD.",Homo sapiens,GSE,Expression profiling by high throughput sequencing,20795,2022/09/01,10,,PRJNA784943,ftp://ftp.ncbi.nlm.nih.gov/geo/series/GSE189nnn/GSE189875/,Q1_disease_phrases;Q2_broad_diabetes_kidney,True,priority human review,PENDING_HUMAN_REVIEW,
200192889,GSE192889,Upregulation of FGF13 promotes type 2 diabetic nephropathy by modulating glomerular endothelial mitochondrial homeostasis,"Studies of diabetic glomerular injury raise the possibility of developing useful early biomarkers and therapeutic approaches for the treatment of type 2 diabetic nephropathy (T2DN). In this study, it is found that FGF13 expression is induced in glomerular endothelial cells (GECs) during T2DN progression, and endothelial-specific deletion of Fgf13 potentially alleviates T2DN damage. Fgf13 deficiency restores the expression of Parkin both in the cytosolic, mitochondrial, and nuclear fractions under diabetic conditions, resulting in improved mitochondrial homeostasis and endothelial barrier integrity due to promotion of mitophagy and inhibition of apoptosis. Additionally, it is confirmed that the beneficial effects of Fgf13 deficiency on T2DN are abolished by endothelial-specific double deletion of Fgf13 and Prkn. The effects of Fgf13 deficiency on mitophagy and apoptosis via Parkin-dependent regulation may be distinct and separable events under diabetic conditions. These data show that the bifunctional role of Fgf13 deficiency in promoting mitophagy and inhibiting apoptosis through Parkin can shape mitochondrial homeostasis regulation in GECs and T2DN progression. Acting as a potential biomarker and therapeutic target for prevention and control of T2DN, mechanistically understanding of the biofunction of FGF13 may also be of relevance to the pathogenesis of other FGF13- and Parkin-associated diseases.",Homo sapiens,GSE,Expression profiling by high throughput sequencing,24676,2024/12/11,9,,PRJNA793680,ftp://ftp.ncbi.nlm.nih.gov/geo/series/GSE192nnn/GSE192889/,Q1_disease_phrases;Q2_broad_diabetes_kidney,True,priority human review,PENDING_HUMAN_REVIEW,
200199838,GSE199838,RNAs sequencing revealing the gene expression profiling in kidney tissues between diabetic kidney disease and control,"Diabetic kidney disease (DKD), a progressive kidney disease, is a major complication associated with diabetes and has become the leading cause of chronic kidney disease in China. Increasing evidences have demonstrated that lncRNAs play vital roles in kidney diseases, including DKD. To search for new ncRNAs involved in DKD, we performed gene expression profiling in the kidney tissues isolated from DKD patients and non-diabetic renal cancer patients undergoing surgical resection by RNA sequencing. And we identified 65 DEncRNAs (29 upregulated and 36 downregulated in DKD) and 171 DEmRNAs (72 upregulated and 99 downregulated in DKD).This study will provide insights into the prevent and treatment of DKD in the future.",Homo sapiens,GSE,Expression profiling by high throughput sequencing,21290,2023/02/22,6,36792603,PRJNA821679,ftp://ftp.ncbi.nlm.nih.gov/geo/series/GSE199nnn/GSE199838/,Q1_disease_phrases;Q2_broad_diabetes_kidney,True,priority human review,PENDING_HUMAN_REVIEW,
200021785,GSE21785,Systematic analysis of a human renal transcript dataset,"Glomerular diseases account for the majority of cases with chronic renal failure. Several genes have been identified with key relevance for glomerular function. Quite a few of these genes show a specific or preferential mRNA expression in the renal glomerulus. To identify additional candidate genes involved in glomerular function in humans we generated a human renal glomerulus-specific transcript dataset (GTD) by comparing gene expression profiles from human glomeruli and tubulointerstitium obtained from six transplant living donors using Affymetrix HG-U133A arrays. This analysis resulted in 677 genes with prominent overrepresentation in the glomerulus. Genes with ‘a prior’i established known prominent glomerular expression served for validation and were all found in the novel expression library (e.g. CDKN1, DAG1, DDN, EHD3, MYH9, NES, NPHS1, NPHS2, PDPN, PLA2R1, PLCE1, PODXL, PTPRO, SYNPO, TCF21, TJP1, WT1). The mRNA expression for several novel glomerulus-enriched genes identified in REGGEL was validated by qRT-PCR. Gene ontology and pathway analysis identified biological processes previously not reported to be of relevance in glomeruli including among others axon guidance. This finding was further validated by assessing the expression of the axon guidance molecules neuritin (NRN1) and roundabout receptor ROBO1 and -2. Glomerular disease associated differential mRNA regulation of ROBO2 was found in diabetic nephropathy.  In summary, using a comparative strategy on microdissected nephrons novel transcripts with predominant expression in the human glomerulus could be identified.  A systematic analysis of this glomerulus-specifc gene expression library allows the detection of target molecules and biological processes involved in glomerular biology and renal disease.",Homo sapiens,GSE,Expression profiling by array,96,2010/07/19,12,20634963,PRJNA127311,ftp://ftp.ncbi.nlm.nih.gov/geo/series/GSE21nnn/GSE21785/,Q1_disease_phrases;Q2_broad_diabetes_kidney,True,priority human review,PENDING_HUMAN_REVIEW,
200220226,GSE220226,Transcriptomic analysis of glomerular endothelial cells and podocytes exposed to methylglyoxal in co-culture,"In diabetic nephropathy (DN), glomerular endothelial cells (GECs) and podocytes undergo pathological alterations, which are influenced by metabolic changes characteristic of diabetes, including hyperglycaemia (HG) and elevated methylglyoxal (MGO) levels. However, it remains insufficiently understood what effects these metabolic factors have on GEC and podocytes and to what extent the interactions between the two cell types can modulate these effects. To address these questions, we established a co-culture system in which GECs and podocytes were grown together in close proximity, and assessed transcriptional changes in each cell type after exposure to HG and MGO. We found that HG and MGO had distinct effects on gene expression and that the effect of each treatment was markedly different between GECs and podocytes. HG treatment led to upregulation of “immediate early response” genes, particularly those of the EGR family, as well as genes involved in inflammatory responses (in GECs) or DNA replication/cell cycle (in podocytes). Interestingly, both HG and MGO led to downregulation of genes related to extracellular matrix organisation in podocytes. Crucially, the transcriptional responses of GECs and podocytes were dependent on their interaction with each other, as many of the prominently regulated genes in co-culture of the two cell types were not significantly changed when monocultures of the cells were exposed to the same stimuli. Finally, the changes in the expression of selected genes were validated in BTBR ob/ob mice, an established model of DN. This work highlights the molecular alterations in GECs and podocytes in response to the key diabetic metabolic triggers HG and MGO, as well as the central role of GEC-podocyte crosstalk in governing these responses.",Homo sapiens,GSE,Expression profiling by high throughput sequencing,23227,2023/11/09,16,37863933,PRJNA909259,ftp://ftp.ncbi.nlm.nih.gov/geo/series/GSE220nnn/GSE220226/,Q1_disease_phrases;Q2_broad_diabetes_kidney,True,priority human review,PENDING_HUMAN_REVIEW,
200220227,GSE220227,Transcriptomic analysis of glomerular endothelial cells exposed to high glucose in co-culture with podocytes,"In diabetic nephropathy (DN), glomerular endothelial cells (GECs) and podocytes undergo pathological alterations, which are influenced by metabolic changes characteristic of diabetes, including hyperglycaemia (HG) and elevated methylglyoxal (MGO) levels. However, it remains insufficiently understood what effects these metabolic factors have on GEC and podocytes and to what extent the interactions between the two cell types can modulate these effects. To address these questions, we established a co-culture system in which GECs and podocytes were grown together in close proximity, and assessed transcriptional changes in each cell type after exposure to HG and MGO. We found that HG and MGO had distinct effects on gene expression and that the effect of each treatment was markedly different between GECs and podocytes. HG treatment led to upregulation of “immediate early response” genes, particularly those of the EGR family, as well as genes involved in inflammatory responses (in GECs) or DNA replication/cell cycle (in podocytes). Interestingly, both HG and MGO led to downregulation of genes related to extracellular matrix organisation in podocytes. Crucially, the transcriptional responses of GECs and podocytes were dependent on their interaction with each other, as many of the prominently regulated genes in co-culture of the two cell types were not significantly changed when monocultures of the cells were exposed to the same stimuli. Finally, the changes in the expression of selected genes were validated in BTBR ob/ob mice, an established model of DN. This work highlights the molecular alterations in GECs and podocytes in response to the key diabetic metabolic triggers HG and MGO, as well as the central role of GEC-podocyte crosstalk in governing these responses.",Homo sapiens,GSE,Expression profiling by high throughput sequencing,23227,2023/11/09,12,37863933,PRJNA909261,ftp://ftp.ncbi.nlm.nih.gov/geo/series/GSE220nnn/GSE220227/,Q1_disease_phrases;Q2_broad_diabetes_kidney,True,priority human review,PENDING_HUMAN_REVIEW,
200220228,GSE220228,Transcriptomic analysis of podocytes exposed to high glucose in co-culture with glomerular endothelial cells,"In diabetic nephropathy (DN), glomerular endothelial cells (GECs) and podocytes undergo pathological alterations, which are influenced by metabolic changes characteristic of diabetes, including hyperglycaemia (HG) and elevated methylglyoxal (MGO) levels. However, it remains insufficiently understood what effects these metabolic factors have on GEC and podocytes and to what extent the interactions between the two cell types can modulate these effects. To address these questions, we established a co-culture system in which GECs and podocytes were grown together in close proximity, and assessed transcriptional changes in each cell type after exposure to HG and MGO. We found that HG and MGO had distinct effects on gene expression and that the effect of each treatment was markedly different between GECs and podocytes. HG treatment led to upregulation of “immediate early response” genes, particularly those of the EGR family, as well as genes involved in inflammatory responses (in GECs) or DNA replication/cell cycle (in podocytes). Interestingly, both HG and MGO led to downregulation of genes related to extracellular matrix organisation in podocytes. Crucially, the transcriptional responses of GECs and podocytes were dependent on their interaction with each other, as many of the prominently regulated genes in co-culture of the two cell types were not significantly changed when monocultures of the cells were exposed to the same stimuli. Finally, the changes in the expression of selected genes were validated in BTBR ob/ob mice, an established model of DN. This work highlights the molecular alterations in GECs and podocytes in response to the key diabetic metabolic triggers HG and MGO, as well as the central role of GEC-podocyte crosstalk in governing these responses.",Homo sapiens,GSE,Expression profiling by high throughput sequencing,23227,2023/11/09,12,37863933,PRJNA909260,ftp://ftp.ncbi.nlm.nih.gov/geo/series/GSE220nnn/GSE220228/,Q1_disease_phrases;Q2_broad_diabetes_kidney,True,priority human review,PENDING_HUMAN_REVIEW,
200226224,GSE226224,Human Podocytes Develop “Names” to Practice Self-Avoidance,"Podocyte effacement and loss characterizes glomerulopathies such as diabetic nephropathy, lupus, and glomerular toxicity. Human primary podocyte-like epithelial cells cultured from urine (ECU) were characterized as a window to understand podocyte regeneration in these glomerulopathies. Cytokines TNF, and VEGF stimulated regrowth, whereas FGF-1 and IL1 inhibited growth, consistent with other podocyte or parietal epithelial cell models. Review of published micrographs indicated that podocyte foot processes in rodent kidneys interdigitated exclusively with foot processes from other cells, suggesting podocytes practice self-avoidance. In culture, ECU avoided close interactions with other cells arising from the same clone, until enough cells grew for the culture to become confluent. In contrast, ECU derived from multiple clones associated actively to form contiguous monolayers. Gene expression profiling of eight clonal ECU colonies using RNA sequencing revealed that each colony expressed a highly variable profile of the 53 Protocadherin genes. Variable combinations of the 53 Protocadherin PCDHA-, PCDHB-, and PCDHG- gene products are known to act homophilically to direct self-avoidance interactions in human neurons, so PCDH- genes are postulated to govern self-avoidance similarly in podocytes. Such protocadherin profiles could be considered cell names. Transcriptional profiles of ECUs suggest they may represent intermediate stages of Parietal Epithelial Cells (PECs) differentiating into podocytes. They further suggest that each podocyte practices self-avoidance, interdigitating selectively with other cells in the glomerulus. To enable further investigation of multi-clonal podocyte interactions, five podocyte clones were immortalized using temperature-sensitive SV40 Large T antigen.  These results suggest that non-self interdigitation of new podocytes with remnant podocytes may facilitate replacement of dying podocytes and re-establishment of a functional filtration barrier.",Homo sapiens,GSE,Expression profiling by high throughput sequencing,16791,2024/02/24,8,,PRJNA939188,ftp://ftp.ncbi.nlm.nih.gov/geo/series/GSE226nnn/GSE226224/,Q1_disease_phrases;Q2_broad_diabetes_kidney,True,priority human review,PENDING_HUMAN_REVIEW,
200230848,GSE230848,Interferon-γ signaling in the progression from early to end stage kidney disease in type 2 diabetes,"The effects of circulating pro-inflammatory factors on diabetic kidney disease (DKD) progression remain poorly defined. In this study, transcriptional and proteomic profiling of kidney tissue and blood samples from individuals with type 2 diabetes mellitus and early DKD was used to identify gene expression associated with kidney disease progression.  Interferon gamma (IFNG) was both identified as an upstream regulator of gene expression and detected in the serum of individuals who progressed.  Individual IFNG activation scores (representing summary expression of 72 downstream signaling mediators) early in disease correlated with DKD progression over an average of 9.7 years.  IFNG pathway inhibition reduced gene activity associated with DKD progression in both kidney organoids generated from human pluripotent stem cells and mouse DKD models.  Thus, expression of genes associated with IFNG activity early in DKD predicted disease progression; individuals demonstrating IFNG activity may benefit from targeted therapeutics early in the disease course.",Homo sapiens,GSE,Expression profiling by high throughput sequencing,24676,2024/05/13,12,38838223,PRJNA962837,ftp://ftp.ncbi.nlm.nih.gov/geo/series/GSE230nnn/GSE230848/,Q1_disease_phrases;Q2_broad_diabetes_kidney,True,priority human review,PENDING_HUMAN_REVIEW,
200255028,GSE255028,Endothelial Kallikrein-Related Peptidase 8 Promotes Diabetic Nephropathy via Reducing SDC4 Expression and Enhancing LIF Release,"The molecular mechanisms underlying diabetic nephropathy (DN) are poorly defined. We sought to investigate the roles of kallikrein-related peptidases (KLKs) in DN pathogenesis. Screening of renal tissue from diabetic mice revealed KLK8 as the most highly induced gene in KLK family. KLK8 expression was greater in glomerular endothelial cells (GECs) than other glomerular cells in DN patients and diabetic mice. The rats with KLK8 overexpression exhibited proteinuria, reduced glomerular filtration rate (GFR), and mesangial expansion, podocytopenia, glomerulosclerosis and interstitial fibrosis in renal tissues. In contrast, global KLK8 deficiency reversed streptozotocin-induced hallmark of DN features including proteinuria, reduced GFR, glomerular hypertrophy, glycocalyx loss in GECs, podocytopenia, leukocyte infiltration, glomerulosclerosis, and interstitial fibrosis in mice. Moreover, endothelial KLK8 ablation also blocked streptozotocin-induced hallmark of DN features. Mechanically, elevated KLK8 in GECs promoted endothelial hyperpermeability, glycocalyx injury, and monocyte recruitment and adhesion through downregulation and shedding of syndecan-4 (SDC4). KLK8 upregulation in GECs stimulated mesangial cell proliferation and activation via increasing leukemia inhibitory factor (LIF) release. Moreover, circulatory KLK8 levels correlated positively with LIF and SDC4 in diabetic nephropathy patients. Our study identifies KLK8 as a novel driver of DN development and progress and highlight potential therapeutic strategies targeting KLK8 for DN.",Homo sapiens,GSE,Expression profiling by high throughput sequencing,24676,2024/12/31,9,,PRJNA1073260,ftp://ftp.ncbi.nlm.nih.gov/geo/series/GSE255nnn/GSE255028/,Q1_disease_phrases;Q2_broad_diabetes_kidney,True,priority human review,PENDING_HUMAN_REVIEW,
200262793,GSE262793,Integrative transcriptome and proteome profiling of insulin-resistant kidney cell models and patient biopsies reveals common and cell-type-specific mechanisms underpinning Diabetic Kidney Disease,"Diabetic kidney disease (DKD) is the leading cause of end stage kidney failure worldwide. It is now clear that cellular insulin resistance is a major driver of this disease. Using established human conditionally immortalised podocytes (Pods), glomerular endothelial cells (GECs), mesangial cells (MCs), and proximal tubular cells (PTCs), we modelled both insulin sensitivity and insulin resistance and performed simultaneous transcriptomics and proteomics for integrated analysis. Our data was further compared with bulk- and single-cell transcriptomic kidney biopsy data from early- and advanced-stage DKD patient cohorts. We identified several consistent changes (individual genes, proteins, and molecular pathways) occurring across all insulin-resistant kidney cell types, which were replicated in human early- and/or advanced-stage DKD biopsies. These included the genes CTSS, NRBF2, C3, CXCL1, TFPI2 and PFKFB3, and pathways related to the inflammatory response, ER stress and glycoprotein metabolism. We further identified several cell-line-specific molecular changes occurring in response to insulin resistance, which were replicated in single-cell sequencing data from DKD, together with a selective reduction in mitochondrial function in Pods, MCs and PTC, but not GECs. This study provides a rich data resource to direct future studies in elucidating underlying kidney signalling pathways and potential therapeutic targets in DKD.",Homo sapiens,GSE,Expression profiling by high throughput sequencing,20301,2024/04/02,80,39562547,PRJNA905899,ftp://ftp.ncbi.nlm.nih.gov/geo/series/GSE262nnn/GSE262793/,Q1_disease_phrases;Q2_broad_diabetes_kidney,True,priority human review,PENDING_HUMAN_REVIEW,
200265918,GSE265918,Effect of FGF9 on human renal tubular epithelial cells in high glucose culture,"Diabetic nephropathy is characterised by the accumulation of extracellular matrix in the glomerular tunica and tubular interstitium, which ultimately leads to excessive renal scarring and decreased excretory function. The main pathological changes of renal fibrosis are: glomerulosclerosis, tubulointerstitial fibrosis, infiltration of inflammatory mediators and activation of α-SMA-positive myofibroblasts. Among them, tubulointerstitial fibrosis is an important link in the development of end-stage renal disease (ESRD).Previous experiments verified that FGF9 expression was decreased in kidneys of STZ-induced diabetic mice and HK2 cells cultured with high glucose, while overexpression of FGF9 inhibited HK2 cell migration under high glucose. To investigate the role of FGF9 in tubulointerstitial fibrosis in diabetic nephropathy, we performed high-throughput sequencing of different subgroups of HK2 cells.",Homo sapiens,GSE,Expression profiling by high throughput sequencing,24676,2025/11/13,12,40977522,PRJNA1104684,ftp://ftp.ncbi.nlm.nih.gov/geo/series/GSE265nnn/GSE265918/,Q1_disease_phrases;Q2_broad_diabetes_kidney,True,priority human review,PENDING_HUMAN_REVIEW,
200301094,GSE301094,GDF5 exacerbates tubulointerstitial injury by inducing partial epithelial-mesenchymal transition of tubular epithelial cells in diabetic kidney disease,"Adipokines serve crucial functions in diabetic kidney disease (DKD) pathogenesis. Growth differentiation factor 5 (GDF5) is highly expressed in adipose tissue, but its specific role in DKD is unknown. In this study, we observed elevated GDF5 expression in both DKD patients and db/db mice, suggesting a potential association between GDF5 and DKD progression. Elevated plasma GDF5 levels are associated with an increased risk of incident CKD in patients with type 2 diabetes mellitus. In animal studies, adipose-specific overexpression of GDF5 increased circulating GDF5 and exacerbated renal injury in db/db mice, characterized by increased tubulointerstitial injury and inflammation infiltration. Conversely, adipose-specific knockdown reduced circulating GDF5 and alleviated renal injury. In vitro studies demonstrated that GDF5 induces partial epithelial-mesenchymal transition (pEMT) in renal tubular epithelial cells via activation of the SMAD1/5/8 signaling pathway, as evidenced by reduced E-cadherin expression and increased Snail1 levels. Notably, the supernatant from GDF5-treated injured HK-2 cells was found to enhance the secretion of pro-inflammatory cytokines by macrophages. These findings suggest that adipose-derived GDF5 acts as a novel mediator contributing to tubulointerstitial injury in DKD.",Homo sapiens,GSE,Expression profiling by high throughput sequencing,24676,2026/06/30,6,,PRJNA1283249,ftp://ftp.ncbi.nlm.nih.gov/geo/series/GSE301nnn/GSE301094/,Q1_disease_phrases;Q2_broad_diabetes_kidney,True,priority human review,PENDING_HUMAN_REVIEW,
200030528,GSE30528,Transcriptome Analysis of Human Diabetic Kidney Disease (DKD Glomeruli vs. Control Glomeruli),"We identified 1,700 differentially expressed probesets in DKD glomeruli and 1,831 in diabetic tubuli; 330 probesets were commonly differentially expressed in both compartments. The canonical complement signaling pathway was determined to be statistically differentially regulated in both DKD glomeruli and tubuli and was associated with increased glomerulosclerosis even in an additional set of DKD samples.",Homo sapiens,GSE,Expression profiling by array,571,2011/08/03,22,21752957,PRJNA154757,ftp://ftp.ncbi.nlm.nih.gov/geo/series/GSE30nnn/GSE30528/,Q1_disease_phrases;Q2_broad_diabetes_kidney,True,priority human review,PENDING_HUMAN_REVIEW,
200030529,GSE30529,Transcriptome Analysis of Human Diabetic Kidney Disease (DKD Tubuli vs. Control Tubuli),"We identified 1,700 differentially expressed probesets in DKD glomeruli and 1,831 in diabetic tubuli; 330 probesets were commonly differentially expressed in both compartments. The canonical complement signaling pathway was determined to be statistically differentially regulated in both DKD glomeruli and tubuli and was associated with increased glomerulosclerosis even in an additional set of DKD samples.",Homo sapiens,GSE,Expression profiling by array,571,2011/08/03,22,21752957,PRJNA154759,ftp://ftp.ncbi.nlm.nih.gov/geo/series/GSE30nnn/GSE30529/,Q1_disease_phrases;Q2_broad_diabetes_kidney,True,priority human review,PENDING_HUMAN_REVIEW,
200030566,GSE30566,Transcriptome Analysis of Human Diabetic Kidney Disease (Control Glomeruli vs. Control Tubuli),"We identified 1,700 differentially expressed probesets in DKD glomeruli and 1,831 in diabetic tubuli; 330 probesets were commonly differentially expressed in both compartments. The canonical complement signaling pathway was determined to be statistically differentially regulated in both DKD glomeruli and tubuli and was associated with increased glomerulosclerosis even in an additional set of DKD samples.",Homo sapiens,GSE,Expression profiling by array,571,2011/08/03,25,21752957,PRJNA154765,ftp://ftp.ncbi.nlm.nih.gov/geo/series/GSE30nnn/GSE30566/,Q1_disease_phrases;Q2_broad_diabetes_kidney,True,priority human review,PENDING_HUMAN_REVIEW,
200032553,GSE32553,To investigate how the glycosylation of podocyte proteins changes during diabetic kidney disease,"Podocytes are cells of the visceral epithelium in the kidneys and form a crucial component of the glomerular filtration barrier, contributing to size selectivity and maintaining a massive filtration surface.",Homo sapiens,GSE,Expression profiling by array,11097,2011/10/03,32,,PRJNA147019,ftp://ftp.ncbi.nlm.nih.gov/geo/series/GSE32nnn/GSE32553/,Q1_disease_phrases;Q2_broad_diabetes_kidney,True,priority human review,PENDING_HUMAN_REVIEW,
200096804,GSE96804,Exon Level Expression Profiling of Diabetic Nephropathy,Transcriptome comparison of glomeruli from kidneys with diabetic nephropathy (DN) and glomeruli from the unaffected portion of tumor nephrectomies. Transcritomics profile of glomeruli in DN patients explored SRGAP2 was strongly associated with proteinuria and involved in podocyte cytoskeleton organization,Homo sapiens,GSE,Expression profiling by array,17586,2018/07/31,61,29242313;30511699,PRJNA379772,ftp://ftp.ncbi.nlm.nih.gov/geo/series/GSE96nnn/GSE96804/,Q1_disease_phrases;Q2_broad_diabetes_kidney,True,priority human review,PENDING_HUMAN_REVIEW,
