accession,title,summary,organism,gds_type,n_samples,already_in_primary_geo_union,priority_screen
GSE1009,Diabetic nephropathy,Gene expression profiling in glomeruli from human kidneys with diabetic nephropathy Keywords = Diabetes Keywords = kidney Keywords = glomeruli Keywords: other,Homo sapiens,Expression profiling by array,6,True,True
GSE4713,Transcriptome changes in Emericella nidulans due to oxidative stress - normalized experimental data (flip-flop),We examined the transcriptional changes observable under oxidative stress caused by menadione in Emericella nidulans. Keywords: time-course,Aspergillus nidulans,Expression profiling by array,2,False,False
GSE7869,Expression data from renal cysts of autosomal dominant polycystic kidney disease (ADPKD) patients,To elucidate the molecular pathways that modulate renal cyst growth in autosomal dominant polycystic kidney disease (ADPKD) Keywords: Disease state analysis,Homo sapiens,Expression profiling by array,21,False,False
GSE13535,Rat lung gene expression during acute pulmonary embolism,Rats were given pulmonary embolism by i.v. injection of 25 micron polystyrene microspheres or 0.01% Tween20 solution as vehicle control Embolism of microspheres is irreversible and causes dose dependent pulmonary hypertension  Keywords: time course and dose response,Rattus norvegicus,Expression profiling by array,22,False,False
GSE14202,Effects of calorie restriction and exercise on mammary gland gene expression in C57BL/6 mice,"We performed a factorial experiment examining the effects of calorie restriction (CR) and exercise (EX) in mice.  CR mice received 70% of calories but 100% of all other nutrients compared to AL mice.  Food consumption, weight gain, and physical activity levels were recorded for 6 weeks. Diet and exercise treatments, both alone and in combination, had significant effects on body composition and levels of physical activity.  Affymetrix oligo microarrays were used to determine global gene expression patterns in mammary gland total RNA. CR and EX had some overlapping but primarily unique effects on mammary gene expression, with CR affecting a much larger number of genes.  The gene changes presented suggest that CR and EX influence mammary gland development and potentially carcinogenesis through distinct pathways.  Keywords: 2 X 2 factorial mouse experiment; ad lib; calorie restriction; exercise; exercise + calorie restriction. Endpoints: body composition; bone density; gene expression in mammary gland",Mus musculus,Expression profiling by array,37,False,False
GSE21785,Systematic analysis of a human renal transcript dataset,"Glomerular diseases account for the majority of cases with chronic renal failure. Several genes have been identified with key relevance for glomerular function. Quite a few of these genes show a specific or preferential mRNA expression in the renal glomerulus. To identify additional candidate genes involved in glomerular function in humans we generated a human renal glomerulus-specific transcript dataset (GTD) by comparing gene expression profiles from human glomeruli and tubulointerstitium obtained from six transplant living donors using Affymetrix HG-U133A arrays. This analysis resulted in 677 genes with prominent overrepresentation in the glomerulus. Genes with ‘a prior’i established known prominent glomerular expression served for validation and were all found in the novel expression library (e.g. CDKN1, DAG1, DDN, EHD3, MYH9, NES, NPHS1, NPHS2, PDPN, PLA2R1, PLCE1, PODXL, PTPRO, SYNPO, TCF21, TJP1, WT1). The mRNA expression for several novel glomerulus-enriched genes identified in REGGEL was validated by qRT-PCR. Gene ontology and pathway analysis identified biological processes previously not reported to be of relevance in glomeruli including among others axon guidance. This finding was further validated by assessing the expression of the axon guidance molecules neuritin (NRN1) and roundabout receptor ROBO1 and -2. Glomerular disease associated differential mRNA regulation of ROBO2 was found in diabetic nephropathy.  In summary, using a comparative strategy on microdissected nephrons novel transcripts with predominant expression in the human glomerulus could be identified.  A systematic analysis of this glomerulus-specifc gene expression library allows the detection of target molecules and biological processes involved in glomerular biology and renal disease.",Homo sapiens,Expression profiling by array,12,True,True
GSE23343,Expression data from human liver with or without type 2 diabetes,"The liver may regulate glucose homeostasis by modulating the sensitivity/resistance of peripheral tissues to insulin, by way of the production of secreted proteins, termed hepatokines. To identify hepatic secretory proteins involved in insulin resistance, we performed liver biopsies in humans with or without type 2 diabetes and conducted a comprehensive analysis of gene expression profiles.",Homo sapiens,Expression profiling by array,17,False,False
GSE27999,Gene Expression Analysis of mouse kidney at the developmental day 15 under iron deficient diet,"While it is clear that iron deficiency affects both human and rodent development, and particularly kidney development, the precise pathological changes that occur with iron deficiency have not been distinguished. For example, it is not clear which compartment of the kidney is predominantly affected nor it is clear either which stage of development or which cell type require the most iron. In this study, we used an in vivo mouse model of iron deficiency in order to better understand the targeting of iron in the developing kidney.",Mus musculus,Expression profiling by array,4,False,False
GSE28829,Gene Expression in early and advanced atherosclerotic plaque from human carotid,The objective of this study is to identify genes and pathways involved in the progression of atherosclerotic plaques from early to advanced stage in humans.,Homo sapiens,Expression profiling by array,29,False,False
GSE29226,Global Gene Expression Profiles of Subcutaneous Adipose in Females with Type 2 Diabetes.,"Gene expression profiles of biopsy samples of subcutaneous adipose of three female patients of type 2 diabetes and three non-diabetic female patients were generated using Illumina HumanHT-12 v3 Expression BeadChip arrays.  The primary indications of surgery were non-infective and non-malignant conditions, namely, cholelethiasis, hernia and trauma.",Homo sapiens,Expression profiling by array,24,False,False
GSE30122,Transcriptome Analysis of Human Diabetic Kidney Disease,This SuperSeries is composed of the SubSeries listed below.,Homo sapiens,Expression profiling by array,69,True,True
GSE30258,Identification of miR-181 target genes and a common prognostic gene signature in AML,"Increased expression levels of miR-181 family members have been shown to be associated with favorable outcome in patients with cytogenetically normal acute myeloid leukemia. Here we show that increased expression of miR-181a and miR-181b is also significantly (P < .05; Cox regression) associated with favorable overall survival in cytogenetically abnormal AML (CA-AML) patients. We further show that up-regulation of a gene signature composed of 4 potential miR-181 targets (including HOXA7, HOXA9, HOXA11, and PBX3), associated with down-regulation of miR-181 family members, is an independent predictor of adverse overall survival on multivariable testing in analysis of 183 CA-AML patients. The independent prognostic impact of this 4-homeobox-gene signature was confirmed in a validation set of 271 CA-AML patients. Furthermore, our in vitro and in vivo studies indicated that ectopic expression of miR-181b significantly promoted apoptosis and inhibited viability/proliferation of leukemic cells and delayed leukemogenesis; such effects could be reversed by forced expression of PBX3. Thus, the up-regulation of the 4 homeobox genes resulting from the down-regulation of miR-181 family members probably contribute to the poor prognosis of patients with nonfavorable CA-AML. Restoring expression of miR-181b and/or targeting the HOXA/PBX3 pathways may provide new strategies to improve survival substantially.  In addition, this data set has been used to identify a common prognostic gene signature (Li Z. et al. unpublished).",Homo sapiens,Expression profiling by array,65,False,False
GSE30528,Transcriptome Analysis of Human Diabetic Kidney Disease (DKD Glomeruli vs. Control Glomeruli),"We identified 1,700 differentially expressed probesets in DKD glomeruli and 1,831 in diabetic tubuli; 330 probesets were commonly differentially expressed in both compartments. The canonical complement signaling pathway was determined to be statistically differentially regulated in both DKD glomeruli and tubuli and was associated with increased glomerulosclerosis even in an additional set of DKD samples.",Homo sapiens,Expression profiling by array,22,True,True
GSE30529,Transcriptome Analysis of Human Diabetic Kidney Disease (DKD Tubuli vs. Control Tubuli),"We identified 1,700 differentially expressed probesets in DKD glomeruli and 1,831 in diabetic tubuli; 330 probesets were commonly differentially expressed in both compartments. The canonical complement signaling pathway was determined to be statistically differentially regulated in both DKD glomeruli and tubuli and was associated with increased glomerulosclerosis even in an additional set of DKD samples.",Homo sapiens,Expression profiling by array,22,True,True
GSE30566,Transcriptome Analysis of Human Diabetic Kidney Disease (Control Glomeruli vs. Control Tubuli),"We identified 1,700 differentially expressed probesets in DKD glomeruli and 1,831 in diabetic tubuli; 330 probesets were commonly differentially expressed in both compartments. The canonical complement signaling pathway was determined to be statistically differentially regulated in both DKD glomeruli and tubuli and was associated with increased glomerulosclerosis even in an additional set of DKD samples.",Homo sapiens,Expression profiling by array,25,True,True
GSE32591,Expression data from human with lupus nephritis (LN),"Nephritis (LN) is a serious manifestation of SLE. Therapeutic studies in mouse LN models do not always predict outcomes of human therapeutic trials, raising concerns about the human relevance of these models. In this study we used an unbiased transcriptional network approach to define similarities and differences between three lupus models and human LN. Affymetrix-based expression profiles were analyzed using Genomatix Bibliosphere software and transcriptional networks were compared using the Tool for Approximate LargE graph matching (TALE).  The 20 network hubs (nodes) shared between all three models and human LN reflect key pathologic processes, namely immune cell infiltration/activation, macrophage/dendritic cell activation, endothelial cell activation/injury and tissue remodeling/fibrosis. Each model also shares unique features with human LN. Pathway analysis of the TALE nodes highlighted macrophage/DC activation as a cross-species shared feature. To distinguish which genes and activation pathways might derive from mononuclear phagocytes in the human kidneys the gene expression profile of isolated NZB/W renal mononuclear cells was compared with human LN kidney profiles. Network analysis of the shared signature highlighted NFkappaB1 and PPARgamma as major hubs in the tubulointerstitial and glomerular networks respectively. Key nodes in the renal macrophage inflammatory response form the basis for further mechanistic and therapeutic studies. We used microarrays to analyze the transcriptome of microdissected renal biopsies from patients with lupus nephritis (LN)",Homo sapiens,Expression profiling by array,93,False,False
GSE43769,Expression data from human Th1 and Th2 cells,"T-helper cells differentiate from naïve precursors into multiple lineages, including Th1, Th2, Th17 and inducible Treg, in humans and mice. The identification of each lineage is currently determined by examination of a small number of genes encoding hallmark cytokines and/or transcription factors in both species To gain a better understanding of human T-helper cell function we have performed detailed transcriptional profiling of highly polarized Th1 and Th2 cells in both resting and activated states examining gene and miRNA expression",Homo sapiens,Expression profiling by array,12,False,False
GSE47183,In silico nano-dissection: defining cell type specificity at transcriptional level in human disease (glomeruli),"To identify genes with cell-lineage-specific expression not accessible by experimental micro-dissection, we developed a genome-scale iterative method, in-silico nano-dissection, which leverages high-throughput functional-genomics data from tissue homogenates using a machine-learning framework. This study applied nano-dissection to chronic kidney disease and identified transcripts specific to podocytes, key cells in the glomerular filter responsible for hereditary proteinuric syndromes and acquired CKD. In-silico prediction accuracy exceeded predictions derived from fluorescence-tagged-murine podocytes, identified genes recently implicated in hereditary glomerular disease and predicted genes significantly correlated with kidney function. The nano-dissection method is broadly applicable to define lineage specificity in many functional and disease contexts.",Homo sapiens,Expression profiling by array,122,True,False
GSE47184,In silico nano-dissection: defining cell type specificity at transcriptional level in human disease (tubulointerstitium),"To identify genes with cell-lineage-specific expression not accessible by experimental micro-dissection, we developed a genome-scale iterative method, in-silico nano-dissection, which leverages high-throughput functional-genomics data from tissue homogenates using a machine-learning framework. This study applied nano-dissection to chronic kidney disease and identified transcripts specific to podocytes, key cells in the glomerular filter responsible for hereditary proteinuric syndromes and acquired CKD. In-silico prediction accuracy exceeded predictions derived from fluorescence-tagged-murine podocytes, identified genes recently implicated in hereditary glomerular disease and predicted genes significantly correlated with kidney function. The nano-dissection method is broadly applicable to define lineage specificity in many functional and disease contexts.",Homo sapiens,Expression profiling by array,107,True,False
GSE47185,In silico nano-dissection: defining cell type specificity at transcriptional level in human disease,This SuperSeries is composed of the SubSeries listed below.,Homo sapiens,Expression profiling by array,229,True,False
GSE48318,Differential miRNA expression profiling of urinary exosomes from normo- and microalbuminuric type 1 diabetic patients,"The aim of this study was to compare miRNA expression in urinary exosomes from type 1 diabetic patients with and without incipient diabetic nephropathy. Overnight urine collections were obtained from normo- and microalbuminuric type 1 diabetic patients. Urines were pre-cleared by both centrifugation and filtration, urinary exosomes were isolated by two consecutive ultracentrifugation steps and total RNA extracted. Differential miRNA profiling was performed using a Human TaqMan miRNA Array A on an 7900HT Fast Real-Time PCR System. Results showed that expression of 22 urinary exosomal miRNAs differed  in incipient diabetic nephropathy.",Homo sapiens,Expression profiling by RT-PCR,4,True,False
GSE51674,miRNA-27b-3p and miRNA-1228-3p correlate with the progression of Kidney Fibrosis in Diabetic Nephropathy,"Diabetic Nephropathy (DN) is a chronic complication of diabetes and the primary cause of end stage renal disease. DN can be differentially diagnosed only through histological investigation. Therefore, there is need for molecular biomarkers, such as miRNAs, to discriminate among different histological lesions in diabetics. Aim of this study was to identify a pattern of differentially expressed miRNAs in kidney biopsies of DN patients and to assess their potential as differential diagnostic biomarkers. Using microarray, we assayed miRNA expression in kidney tissue from 8 DN patients, 6 diabetic patients with membranous nephropathy and 4 patients with normal histology. Nine miRNAs were differentially expressed among the three groups of patients, thus underlying their potential role as markers of specific histological damage. In silico we identified 2 miRNAs (i.e., miR-27b-3p and  miR-1228-3p) showing an interaction with UBE2v1, an ubiquitin-conjugating E2 enzyme variant that mediates the formation of lysine 63-linked ubiquitin chains, a mechanism we showed as involved in DN kidney fibrosis. Both miRNAs were confirmed to be down-regulated in DN biopsies, using qPCR and in situ hybridization, and in urines of DN patients. Interestingly, the urinary levels of both miRNAs were also able to discriminate among different degrees of renal fibrosis. Finally, we showed that the combined urinary expression of both miRNAs was also able to discriminate DN patients from other glomerulonephritides, both in the presence and absence of T2D. We identified two regulatory miRNAs potentially useful as diagnostic biomarkers of tubular-interstitial fibrosis in diabetic patients with DN.",Homo sapiens,Non-coding RNA profiling by array,16,True,False
GSE66494,Development of gene expression profiles in human chronic kidney disease,"A microarray analysis with renal biopsy specimens from CKD patients was conducted in order to identify the responsible genes associated with tubulointerstitial fibrosis and tubular cell injury in CKD. This study showed microarray profiles in total 53 biopsy specimens of CKD patients. In the discovery set, 554 down-regulated and 226 up-regulated signatures were identified. Then, the expressional changes of these genes were examined in the validation set.",Homo sapiens,Expression profiling by array,61,False,False
GSE93804,Next Generation Sequencing of CNS-infiltrating Tox-sufficient and -deficient OT-1 cells in ODC-OVA mice 7 days after LCMV-OVA infection,Purpose: Next-generation sequencing (NGS) has revolutionized systems-based analysis of cellular pathways. The goal of this study is to compare the transcriptome of CNS-infiltrating OT-1 WT and Tox-deficient cells during effector phase (7 days after infection with LCMV-OVA),Mus musculus,Expression profiling by high throughput sequencing,6,False,False
GSE96804,Exon Level Expression Profiling of Diabetic Nephropathy,Transcriptome comparison of glomeruli from kidneys with diabetic nephropathy (DN) and glomeruli from the unaffected portion of tumor nephrectomies. Transcritomics profile of glomeruli in DN patients explored SRGAP2 was strongly associated with proteinuria and involved in podocyte cytoskeleton organization,Homo sapiens,Expression profiling by array,61,True,False
GSE99339,Transcriptome-based network analysis reveals renal cell type-specific dysregulation of hypoxia-associated transcripts [glomeruli],"Accumulating evidence suggests that dysregulation of hypoxia-regulated transcriptional mechanisms is involved in development of chronic kidney diseases (CKD). However, it remains unclear how hypoxia-induced transcription factors (HIFs) and subsequent biological processes contribute to CKD development and progression. In our study, genome-wide expression profiles of more than 200 renal biopsies from patients with different CKD stages revealed significant correlation of HIF-target genes with eGFR in glomeruli and tubulointerstitium. These correlations were positive and negative and in part compartment-specific. Microarrays of proximal tubular cells and podocytes with stable HIF1α and/or HIF2α suppression displayed cell type-specific HIF1/HIF2-dependencies as well as dysregulation of several pathways. WGCNA analysis identified gene sets that were highly coregulated within modules. Characterization of the modules revealed common as well as cell group- and condition-specific pathways, GO-Terms and transcription factors. Gene expression analysis of the hypoxia-interconnected pathways in patients with different CKD stages revealed an increased dysregulation with loss of renal function. In conclusion, our data clearly point to a compartment- and cell type-specific dysregulation of hypoxia-associated gene transcripts and might help to improve the understanding of hypoxia, HIF dysregulation, and transcriptional program response in CKD.",Homo sapiens,Expression profiling by array,187,True,False
GSE99340,Transcriptome-based network analysis reveals renal cell type-specific dysregulation of hypoxia-associated transcripts,This SuperSeries is composed of the SubSeries listed below.,Homo sapiens,Expression profiling by array,413,True,False
GSE104948,Glomerular Transcriptome from European Renal cDNA Bank subjects and living donors,"summary : Glomerular Transcriptome from European Renal cDNA Bank subjects and living donors. Samples included in this analysis have been previously analyzed using older CDF definitions and are included under previous GEO submissions - GSE47183 (chronic kidney disease samples), and GSE32591 (IgA nephropathy samples).  ",Homo sapiens,Expression profiling by array,196,True,False
GSE104954,Tubulointerstitial transcriptome from ERCB subjects with chronic kidney disease and living donor biopsies.,"summary : Tubulointerstitial transcriptome from ERCB subjects with chronic kidney disease and living donor biopsies. Samples included in this analysis have been previously analyzed using older CDF definitions and are included under previous GEO submissions - GSE47184 (chronic kidney disease samples), and GSE32591 (IgA nephropathy samples).  ",Homo sapiens,Expression profiling by array,195,True,False
GSE111154,RNA Expression data for early diabetic nephropathy (EDN),"There is a temporal window from the time diabetes is diagnosed to the appearance of overt kidney disease during which time the disease progresses quietly without detection.  Currently, there is no way to detect early diabetic nephropathy (EDN). Here we performed an unbiased assessment of gene-expression analysis of postmortem human kidneys using microarrays to identify candidate genes that may contribute to EDN.",Homo sapiens,Expression profiling by array,8,True,True
GSE116626,Specific biomarkers Associated with Active and Chronic Renal Lesions in IgA Nephropathy. A Multicenter Study,Specific molecular biomarkers were detected in kidney biopsy of IgA nephropathy characterizing active (E and C) and chronic (T) renal  lesions compared with other non-IgA glomerulonephritis and living donors,Homo sapiens,Expression profiling by array,81,False,False
GSE117085,Roux-en-Y Gastric Bypass Reduces Podocyte Injury in Diabetic Kidney Disease,"Podocyte injury in diabetic kidney disease contributes to the development of albuminuria and subsequent renal decline. Clinically, gastric bypass surgery is associated with reductions in albuminuria, and rodent studies demonstrate coherent improvements in renal histology. We aimed to investigate the mechanisms underpinning remission of albuminuria following gastric bypass focussing on podocyte injury. Firstly, we tracked the evolution of albuminuria and cognate evidence of histological and ultrastructural damage to the glomerulus in male Zucker Diabetic Fatty rats. Secondly, we examined the impact of gastric bypass in these rats, focussing on podocyte injury. Thirdly, we conducted a global transcriptomic study profiling the shift in the renal transcriptome in the Zucker Diabetic Fatty rats rat and its relevance to human disease. Lastly, we explored whether gastric bypass could reverse the changes seen in the disease associated transcriptome. Albuminuria in the Zucker Diabetic Fatty rat developed by 12 weeks of age. This was accompanied by glomerulomegaly, podocyte stress and ultrastructural evidence of podocyte dedifferentiation. When animals underwent gastric bypass at 12 weeks of age, marked reductions in albuminuria in association with normalisation of glomerular tuft size, attenuation of podocyte stress and improvements in podocyte foot process morphology were observed within 2 months of surgery. A characteristic disease associated gene expression signature was observed in the kidneys of Zucker Diabetic Fatty rats, with a core set of alterations conserved in global analysis of the human DKD transcriptome. Many of the shared gene expression alterations were reversed by gastric bypass. Reductions in podocyte injury represent a key mechanism underpinning the remission of albuminuria following gastric bypass.",Rattus norvegicus,Expression profiling by high throughput sequencing,18,False,True
GSE121233,Exon Level Expression Profiling of focal segmental glomerulosclerosis,Transcriptome comparison of glomeruli from kidneys with focal segmental glomerulosclerosis (FSGS) and glomeruli from the unaffected portion of tumor nephrectomies. High-density Affymetrix Human Transcriptome Arrays (HTA) 2.0 were used for the gene expression analysis.,Homo sapiens,Expression profiling by array,10,False,False
GSE121862,A single-nucleus RNA-sequencing pipeline to decipher the molecular anatomy and pathophysiology of human kidneys,"Defining cellular and molecular identities within the kidney is necessary to understand its organization and function in health and disease. Here we demonstrate a reproducible method with minimal artifacts for single-nucleus Droplet-based RNA sequencing (snDrop-Seq) that we use to resolve thirty distinct cell populations in human adult kidney. We define molecular transition states along more than ten nephron segments spanning two major kidney regions. We further delineate cell type-specific expression of genes associated with chronic kidney disease, diabetes and hypertension, providing insight into possible targeted therapies. This includes expression of a hypertension-associated mechano-sensory ion channel in mesangial cells, and identification of proximal tubule cell populations defined by pathogenic expression signatures. Our fully optimized, quality-controlled transcriptomic profiling pipeline constitutes a tool for the generation of healthy and diseased molecular atlases applicable to clinical samples.",Homo sapiens,Expression profiling by high throughput sequencing,47,True,False
GSE125779,Transcriptome analysis of tubulointerstitial tissues of patients with focal segmental glomerulosclerosis,Transcriptome comparison of tubulointerstitial tissues from kidneys with focal segmental glomerulosclerosis (FSGS) and tubulointerstitial tissues from the unaffected portion of surgical nephrectomies. High-density Affymetrix Human Transcriptome Arrays (HTA) 2.0 were used for the gene expression analysis.,Homo sapiens,Expression profiling by array,16,False,False
GSE129973,Exon Level Expression Profiling of Focal Segmental glomerulosclerosis (FSGS),Transcriptome comparison of glomeruli from kidneys with FSGS and glomeruli from the unaffected portion of tumor nephrectomies. This study aims to investigate the pathogenesis and the mechanism of FSGS,Homo sapiens,Expression profiling by array,40,False,False
GSE131822,Galectin-8 induces functional disease markers in human osteoarthritis and cooperates with galectins-1 and -3.,"The reading of glycan-encoded signals by tissue lectins is considered a major route of the flow of biological information in many (patho)physiological processes. The arising challenge for current research is to proceed from work on a distinct protein to family-wide testing of lectin function. Having previously identified homodimeric galectin-1 and chimera-type galectin-3 as molecular switches in osteoarthritis progression, we here provide proof-of-principle evidence for an intra-network cooperation of galectins with three types of modular architecture. We show that the presence of tandem-repeat-type galectin-8 significantly correlated with cartilage degeneration and that it is secreted by osteoarthritic chondrocytes. Glycan-inhibitable surface binding of galectin-8 to these cells increased gene transcription and the secretion of functional disease markers. The natural variant galectin-8 (F19Y) was less active than the prevalent form. Genome-wide array analysis revealed induction of a pro-degradative/inflammatory gene signature, largely under control of NF-κB signaling. This signature overlapped with respective gene-expression patterns elicited by galectins-1 and -3, but also presented supplementary features. Functional assays with mixtures of galectins that mimic the pathophysiological status unveiled cooperation between the three galectins. Our findings shape the novel concept to consider individual galectins as part of a so far not realized teamwork in osteoarthritis pathogenesis, with relevance beyond this disease.",Homo sapiens,Expression profiling by array,10,False,False
GSE131882,The Single Cell Transcriptomic Landscape of Early Human Diabetic Nephropathy,We report the early transcriptional changes in human diabetic nephropathy by single nucleus RNA sequencing,Homo sapiens,Expression profiling by high throughput sequencing,6,True,False
GSE134431,Deregulated immune signature orchestrated by FOXM1 impairs human diabetic wound healing,"We performed RNA-seq on tissue biopsies derived from patients with DFUs and compared it to human oral and skin wounds to identify the molecular mechanisms and transcriptional networks that are deregulated in DFUs. Our results identified a unique inflammatory transcriptional signature unique to oral and skin wounds involved in promoting cell proliferation and cell survival of immune cells that are deficient in DFUs. In addition, we identified a signature immune-cell profile in which activation and proliferation of macrophages and neutrophils were absent in DFUs. These results suggest that a deregulated immune response in which impaired activation, proliferation and survival of immune cells contribute to pathogenesis of DFUs and provides novel avenues for development of therapies aimed at reprogramming DFUs into healing-competent wounds.",Homo sapiens,Expression profiling by high throughput sequencing,21,False,False
GSE134998,"MicroRNA in plasma, Newly diagnosed untreated diabetic cases and healthy controls","We examined the plasma miRNA among 113 newly diagnosed untreated diabetic cases and 113 healthy controls from DFTJ cohort by miRNA array screening and Taqman real-time PCR validation. After prediction of miRNA target genes, the low-abundance proteins coded by miR-193b-3p target genes were explored in plasma of the same population. We further validated the target effect and potential cell function of differentially expressed miRNA in HepG2 cells.",Rattus norvegicus; Homo sapiens; Mus musculus,Non-coding RNA profiling by array,30,False,False
GSE135390,RNA-seq of human CD4+ T cell subsets,"After activation, CD4+ T helper (Th) cells differentiate into functionally specialized populations that coordinate distinct immune responses and protect against different types of pathogens.  In humans, these effector and memory Th cell subsets can be readily identified in peripheral blood based on their differential expression of chemokine receptors that govern their homeostatic and inflammatory trafficking.  Foxp3+ regulatory T (Treg) cells can also be divided into subsets that phenotypically mirror each of these effector populations, and share expression of key transcription factors and effector cytokines.  In this study, we performed comprehensive transcriptional profiling of 11 phenotypically distinct Th and Treg cell subsets sorted from peripheral blood of healthy individuals.  Despite their shared phenotypes, we found that mirror Th and Treg subsets were transcriptionally dissimilar, and that Treg cell populations showed limited transcriptional diversity compared to Th cells. We identified core transcriptional signatures shared across all Th and Treg cell populations, and unique signatures that define each of the Th or Treg populations.  Finally, we applied these signatures to bulk Th and Treg RNA-seq data and found enrichment of specific Th and Treg cell populations in different human tissues.  These results further define the molecular basis for the functional specialization and differentiation of Th and Treg cell populations, and provide a new resource for examining Th and Treg specialization in RNA-seq data.",Homo sapiens,Expression profiling by high throughput sequencing,33,False,False
GSE141115,Systematic assessment of tissue dissociation and storage biases in single-cell and single-nucleus RNA-seq workflows,"Background: Single-cell RNA sequencing has been widely adopted to estimate the cellular composition of heterogeneous tissues and obtain transcriptional profiles of individual cells. Multiple approaches for optimal sample dissociation and storage of single cells have been proposed as have single-nuclei profiling methods. What has been lacking is a systematic comparison of their relative biases and benefits.  Results: Here, we compare gene expression and cellular composition of single cell suspensions prepared from adult mouse kidney using two tissue dissociation protocols. For each sample we also compare fresh cells to cryopreserved and methanol-fixed cells. Lastly, we compare this single-cell data to that generated using three single-nucleus RNA sequencing workflows. Our data confirms prior reports that digestion on ice avoids the stress response observed with 37°C dissociation. It also reveals cell types more abundant either in the cold or warm dissociations that may represent populations that require gentler or harsher conditions to be released intact. For cell storage, cryopreservation of dissociated cells results in a major loss of epithelial cell types; in contrast, methanol fixation maintains the cellular composition but suffers from ambient RNA leakage. Finally, cell type composition differences are observed between single-cell and single-nucleus RNA sequencing libraries. In particular, we note an under-representation of T, B and NK lymphocytes in the single-nucleus libraries. Conclusions: Systematic comparison of recovered cell types and their transcriptional profiles across the workflows has highlighted protocol-specific biases and thus enables researchers starting single cell experiments to make an informed choice.",Mus musculus,Expression profiling by high throughput sequencing,54,False,False
GSE142025,Comparison of Kidney Transcriptomic Profiles of Early and Advanced Diabetic Nephropathy Reveals Potential New Mechanisms for Disease Progression,"To identify the factors mediating the progression of di- abetic nephropathy (DN), we performed RNA sequencing of kidney biopsy samples from patients with early DN, advanced DN, and normal kidney tissue from nephrectomy samples. A set of genes that were upregulated at early but downregulated in late DN were shown to be largely renoprotective, which included genes in the retinoic acid pathway and glucagon-like peptide 1 receptor. Another group of genes that were downregulated at early but highly upregulated in advanced DN consisted mostly of genes associated with kidney disease pathogenesis, such as those related to immune response and fibrosis. Correlation with estimated glomerular filtration rate (eGFR) identified genes in the pathways of iron transport and cell differentiation to be positively associated with eGFR, while those in the immune response and fibrosis pathways were negatively associated. Correlation with various histopathological features also identified the association with the distinct gene ontological pathways. Deconvolution analysis of the RNA sequencing data set indicated a significant increase in monocytes, fibroblasts, and myofibroblasts in advanced DN kidneys. Our study thus provides potential molecular mechanisms for DN progression and association of differential gene expression with the functional and structural changes observed in patients with early and advanced DN.",Homo sapiens,Expression profiling by high throughput sequencing,36,True,False
GSE142153,Human PBMCs: Healthy vs Diabetic nephropathy vs ESRD,"Transcriptional profiling of human PBMCs comparing healthy controls, patients with diabetic nephropathy and patients with ESRD. PBMCs were analyzed as they mediate inflammatory injury. Goal was to determine effects of increasing severity of diabetic nephropathy on global PBMC gene expression. Microarray analysis of PBMCs taken from patients with varying degrees of diabetic nephropathy.",Homo sapiens,Expression profiling by array,40,True,False
GSE146615,Mendelian randomization identifies FLCN expression as a mediator of diabetic retinopathy,"The goal of the study was to identify genes whose aberrant expression can contribute to diabetic retinopathy. We determined differential response in gene expression to high glucose in lymphoblastoid cell lines derived from matched type 1 diabetic individuals with and without retinopathy. Those genes exhibiting the largest difference in glucose response between diabetic subjects with and without retinopathy were assessed for association to diabetic retinopathy utilizing genotype data from a meta-genome-wide association study. All genetic variants associated with gene expression (expression QTLs; eQTLs) of the glucose response genes were tested for association with diabetic retinopathy. We detected an enrichment of the glucose response gene eQTLs among small association p-values for diabetic retinopathy. Among these, we identified FLCN as a susceptibility gene for diabetic retinopathy. Expression of FLCN in response to glucose is greater in individuals with diabetic retinopathy compared to diabetic individuals without retinopathy. Three large, independent cohorts of diabetic individuals revealed an enhanced association of FLCN eQTL to diabetic retinopathy. Mendelian randomization confirmed a direct positive effect of increased FLCN expression on retinopathy in diabetic individuals. Together, our studies integrating genetic association and gene expression implicate FLCN as a disease gene in diabetic retinopathy.",Homo sapiens,Expression profiling by array,144,False,False
GSE160306,In-depth transcriptomic analyses investigating molecular mechanisms underlying diabetic retinopathy (totalRNA),"Diabetic Retinopathy (DR) is among the major global causes for vision loss. With the rise in diabetes prevalence, an increase in DR incidence is expected. Current understanding of both the molecular etiology and pathways involved in the initiation and progression of DR is limited. Here we analyzed mRNA and miRNA expression profiles of 80 human post-mortem retinal samples from 80 patients diagnosed with various stages of DR. We found differentially expressed transcripts to be predominantly associated with late stage DR and pathways such as hippo and gap junction signaling. A multivariate regression model identified transcripts with progressive changes throughout disease stages, which in turn displayed significant overlap with sphingolipid and cGMP−PKG signaling. Combined analysis of miRNA and mRNA expression further uncovered disease-relevant miRNA/mRNA associations as potential mechanisms of post-transcriptional regulation. Finally, integrating human retinal single cell RNA-Sequencing data revealed a continuous loss of retinal ganglion cells, and Müller cell mediated changes in histidine and β-alanine signaling. Our findings offer an unprecedented insight into the development of DR and provide potential avenues for future therapeutic intervention.",Homo sapiens,Expression profiling by high throughput sequencing,79,True,False
GSE183276,An atlas of healthy and injured cell states and niches in the human kidney [scCv3],"Understanding kidney disease relies upon defining the complexity of cell types and states, their associated molecular profiles, and interactions within tissue neighborhoods. We applied multiple single-cell or -nucleus assays (>400,000 nuclei/cells) and spatial imaging technologies to a broad spectrum of healthy reference (45 donors) and diseased (48 patients) kidneys. This has provided a high resolution cellular atlas of 51 main cell types that include rare and novel cell populations. The multi-omic approach provides detailed transcriptomic profiles, epigenomic regulatory factors, and spatial localizations spanning the entire kidney. We further define 28 cellular states across nephron segments and interstitium that were altered in kidney injury, encompassing cycling, adaptive or maladaptive repair, transitioning and degenerative states. Molecular signatures permitted localization of these states within injury neighborhoods using spatial transcriptomics, while large-scale 3D imaging analysis (~1.2 million neighborhoods) provided corresponding linkages to active immune responses. These analyses defined biological pathways relevant to injury time-course and niches, including signatures underlying epithelial repair that predicted maladaptive states associated with a decline in kidney function. This integrated multimodal spatial cell atlas of healthy and diseased human kidneys represents the most comprehensive benchmark of cellular states, neighborhoods, outcome-associated signatures, and publicly available interactive visualizations.   ",Homo sapiens,Expression profiling by high throughput sequencing,49,True,False
GSE184836,RNA-Seq of kidney glomeruli and renal tubules from Type 2 diabetic (db/db) and non-diabetic mice,"We investigated the gene expression profiles of RNA isolated from kidney glomeruli and renal tubules from aged, 24 week old type-2 diabetic (db/db) and non-diabetic mice",Mus musculus,Expression profiling by high throughput sequencing,12,False,False
GSE185948,Single Cell Transcriptional and Chromatin Accessibility Profiling on the human adult kidneys with autosomal dominant polycystic kidney disease,"We performed single nucleus ATAC (snATAC-seq) and RNA (snRNA-seq) sequencing to generate paired, cell-type-specific chromatin accessibility and transcriptional profiles of the adult human kidney with autosomal dominant polycystic kidney disease.  snATAC-seq on 5 samples (control1/2/3/4/5) were already done and deposited on GSE151302 as Healthy1-5 (GSM4572187-4572191, respectively)",Homo sapiens,Expression profiling by high throughput sequencing; Genome binding/occupancy profiling by high throughput sequencing,26,False,False
GSE189007,Gene-expression profiles of whole blood cells from a Han Chinese population with or without Type-2 Diabetes Mellitus or/and its complications in nephropathy and retinopathy,This SuperSeries is composed of the SubSeries listed below.,synthetic construct; Homo sapiens,Expression profiling by array; Non-coding RNA profiling by array,130,True,False
GSE195460,Multimodal single cell sequencing implicates chromatin accessibility and genetic background in diabetic kidney disease progression,"Purpose: Single cell sequencing has advanced our understanding of kidney biology. The goals of this study are to compare single nucleus RNA (snRNA-seq) and single nucleus assay for transposase accessible chromatin sequencing (snATAC-seq) from healthy control donors and donors with type 2 diabetic kidney disease to identify altered signaling pathways and chromatin accessibility patterns observed in diabetic kidney disease.  Methods: Nuclear dissociation of human kidney cortex samples was performed on samples obtained from patients undergoing tumor nephrectromy or deceased organ donors. snRNA-seq and snATAC-seq libraries were prepared using 10X Genomics kits according to manufacturers instructions. For this study, two healthy control libraries from one donor were prepared with the following chemistries (1 - single cell 3-prime v3, 1 - single cell ATAC v1) and nine DKD libraries from seven donors were prepared with the following chemistries (2 - single cell 5-prime v2 paired-end, 7 - single cell ATAC v1).   Raw data for three healthy control and three DKD snRNA-seq libraries sequenced with single nucleus 5-prime R2 only can be found in GSE13188213. Raw data for two healthy control snRNA-seq sequenced with single nucleus 5-prime paired-end and five snATAC-seq single nucleus ATAC v1 libraries can be found in GSE151302. snRNA-seq and snATAC-seq libraries from these earlier studies were recounted with cellranger (v4.0) or cellranger-atac (v2.0) to provide consistency across processed data files.",Homo sapiens,Expression profiling by high throughput sequencing; Genome binding/occupancy profiling by high throughput sequencing,11,True,True
GSE198983,Progerin triggers a phenotypic switch  in VSMC that causes replication stress and an aging-associated secretory signature,"Hutchinson Gilford Progeria Syndrome is a premature aging disease caused by LMNA gene mutation and the production of a truncated lamin A protein “progerin” that elicits cellular and organismal toxicity. Progerin accumulates in the vasculature, being especially toxic for vascular smooth muscle cells (VSMC). Patients' autopsies show that vessel stiffening, and aortic atherosclerosis is accompanied by VSMC depletion in the medial layer, altered extracellular matrix (ECM), and thickening of the adventitial layer. Mechanisms whereby progerin causes massive VSMC loss and vessel alterations remain poorly understood. Mature VSMC retain phenotypic plasticity and can switch to a synthetic/proliferative phenotype. Here we show that progerin expression in human and mouse VSMC causes a switch towards the synthetic/proliferative phenotype. This switch elicits some level of replication stress in normal cells, which is exacerbated in the presence of progerin, leading to telomere fragility, genomic instability, and ultimately VSMC death. Importantly, calcitriol prevents replication stress, telomere fragility, and genomic instability, reducing VSMC death. In addition, RNAseq analysis shows induction of a profibrotic and proinflammatory aging-associated secretory phenotype upon progerin expression in human primary VSMC. Our data suggest that phenotypic switch-induced replication stress might be an underlying cause of VSMC loss in progeria, which together with loss of contractile features and gain of profibrotic and proinflammatory signatures contribute to vascular stiffness in HGPS. Preventing the phenotypic switch-induced replication stress with compounds such as calcitriol might ameliorate CVD in HGPS patients",Homo sapiens,Expression profiling by high throughput sequencing,8,False,False
GSE199838,RNAs sequencing revealing the gene expression profiling in kidney tissues between diabetic kidney disease and control,"Diabetic kidney disease (DKD), a progressive kidney disease, is a major complication associated with diabetes and has become the leading cause of chronic kidney disease in China. Increasing evidences have demonstrated that lncRNAs play vital roles in kidney diseases, including DKD. To search for new ncRNAs involved in DKD, we performed gene expression profiling in the kidney tissues isolated from DKD patients and non-diabetic renal cancer patients undergoing surgical resection by RNA sequencing. And we identified 65 DEncRNAs (29 upregulated and 36 downregulated in DKD) and 171 DEmRNAs (72 upregulated and 99 downregulated in DKD).This study will provide insights into the prevent and treatment of DKD in the future.",Homo sapiens,Expression profiling by high throughput sequencing,6,True,False
GSE209781,A single-cell transcriptomic atlas characterizes the kidney in the diabetic kidney disease,"Diabetic kidney disease (DKD), a common and devastating microvascular complication of diabetes, is the leading cause of end-stage renal disease (ESRD). Since mechanisms of kidney injury in DKD were largely unknown, we performed single-cell RNA sequencing (scRNA-seq) on human kidneys collected from 3 DKD and 3 normal samples using 10×Genomics. In our study, a total of 51315 cells were enrolled for analyses and nine kidney cell types and seven immune cell types were identified. The cell-type-specific changes in gene expression and signaling pathways of podocyte, mesangial cells, endothelial cells, proximal tubule and macrophages indicate abnormal regulation associated with inflammation, apoptosis, oxidative stress, extracelluar matrix accumulation, and immune activation. In particular, we show that podocytes and renal tubular epithelial cells have a tremendous capacity to regenerate, which is involved in the repairment of injury. And extracellular vesicles, an important mediator of intercellular communication, might play a vital role for this progress. Besides, we identified new candidate transcription factors responsible for the progression of DKD. We also revealed a M1-M2 hybrid pattern, in which M1 and M2 are coupled activation in macrophages of DKD. Furthermore, we demonstrated a complex intercellular interaction between kidney cells and kidney cells or kidney cells and immune cells. Thus, our study will further the understanding of DKD pathogenesis and provide novel therapeutic targets for its treatment in the future.",Homo sapiens,Expression profiling by high throughput sequencing,6,True,True
GSE220226,Transcriptomic analysis of glomerular endothelial cells and podocytes exposed to methylglyoxal in co-culture,"In diabetic nephropathy (DN), glomerular endothelial cells (GECs) and podocytes undergo pathological alterations, which are influenced by metabolic changes characteristic of diabetes, including hyperglycaemia (HG) and elevated methylglyoxal (MGO) levels. However, it remains insufficiently understood what effects these metabolic factors have on GEC and podocytes and to what extent the interactions between the two cell types can modulate these effects. To address these questions, we established a co-culture system in which GECs and podocytes were grown together in close proximity, and assessed transcriptional changes in each cell type after exposure to HG and MGO. We found that HG and MGO had distinct effects on gene expression and that the effect of each treatment was markedly different between GECs and podocytes. HG treatment led to upregulation of “immediate early response” genes, particularly those of the EGR family, as well as genes involved in inflammatory responses (in GECs) or DNA replication/cell cycle (in podocytes). Interestingly, both HG and MGO led to downregulation of genes related to extracellular matrix organisation in podocytes. Crucially, the transcriptional responses of GECs and podocytes were dependent on their interaction with each other, as many of the prominently regulated genes in co-culture of the two cell types were not significantly changed when monocultures of the cells were exposed to the same stimuli. Finally, the changes in the expression of selected genes were validated in BTBR ob/ob mice, an established model of DN. This work highlights the molecular alterations in GECs and podocytes in response to the key diabetic metabolic triggers HG and MGO, as well as the central role of GEC-podocyte crosstalk in governing these responses.",Homo sapiens,Expression profiling by high throughput sequencing,16,True,False
GSE228727,Dapagliflozin alleviates diabetic kidney disease via HIF1α/HO1 mediated ferroptosis,"To investigate the mechanism of the renal protective effects of SGLT2i in diabetic nephropathy, we treated 9-week db/db mice with dapagliflozin and solvent, respectively. This study used m/m mice as control group.We performed gene expression profiling analysis using data obtained from RNA-seq of 3 different groups of mice after 13-week treatment.",Mus musculus,Expression profiling by high throughput sequencing,15,False,False
GSE264268,Molecular mechanisms of kidney injury in diabetic mice based on single-cell sequencing techniques,To investigate the pathogenic molecular mechanisms and signaling pathways of early diabetic kidney disease. We performed single-cell RNA sequencing on kidney tissue of early type 1 diabetic mice.,Mus musculus,Expression profiling by high throughput sequencing,3,False,False
