relation_type,source_a,sample_a,source_b,sample_b,source_a_url,source_b_url,shared_label,repository_evidence,inferential_action,evidence_boundary
exact donor-label reuse,GSE99339,GSM2642424,GSE104948,GSM2810770,https://www.ncbi.nlm.nih.gov/geo/query/acc.cgi?acc=GSE99339,https://www.ncbi.nlm.nih.gov/geo/query/acc.cgi?acc=GSE104948,H7-Glom-DN901,NCBI GEO accession/sample labels for GSE99339 and GSE104948; accessed 2026-08-21,GSE99339 excluded as an independent glomerular replication source; the H7 GSE104948 stratum retained once,identity is established at the archived donor label; no additional personal identity is inferred
exact donor-label reuse,GSE99339,GSM2642425,GSE104948,GSM2810771,https://www.ncbi.nlm.nih.gov/geo/query/acc.cgi?acc=GSE99339,https://www.ncbi.nlm.nih.gov/geo/query/acc.cgi?acc=GSE104948,H7-Glom-DN910,NCBI GEO accession/sample labels for GSE99339 and GSE104948; accessed 2026-08-21,GSE99339 excluded as an independent glomerular replication source; the H7 GSE104948 stratum retained once,identity is established at the archived donor label; no additional personal identity is inferred
exact donor-label reuse,GSE99339,GSM2642426,GSE104948,GSM2810772,https://www.ncbi.nlm.nih.gov/geo/query/acc.cgi?acc=GSE99339,https://www.ncbi.nlm.nih.gov/geo/query/acc.cgi?acc=GSE104948,H7-Glom-DN914,NCBI GEO accession/sample labels for GSE99339 and GSE104948; accessed 2026-08-21,GSE99339 excluded as an independent glomerular replication source; the H7 GSE104948 stratum retained once,identity is established at the archived donor label; no additional personal identity is inferred
exact donor-label reuse,GSE99339,GSM2642427,GSE104948,GSM2810773,https://www.ncbi.nlm.nih.gov/geo/query/acc.cgi?acc=GSE99339,https://www.ncbi.nlm.nih.gov/geo/query/acc.cgi?acc=GSE104948,H7-Glom-DN916,NCBI GEO accession/sample labels for GSE99339 and GSE104948; accessed 2026-08-21,GSE99339 excluded as an independent glomerular replication source; the H7 GSE104948 stratum retained once,identity is established at the archived donor label; no additional personal identity is inferred
exact donor-label reuse,GSE99339,GSM2642428,GSE104948,GSM2810774,https://www.ncbi.nlm.nih.gov/geo/query/acc.cgi?acc=GSE99339,https://www.ncbi.nlm.nih.gov/geo/query/acc.cgi?acc=GSE104948,H7-Glom-DN932,NCBI GEO accession/sample labels for GSE99339 and GSE104948; accessed 2026-08-21,GSE99339 excluded as an independent glomerular replication source; the H7 GSE104948 stratum retained once,identity is established at the archived donor label; no additional personal identity is inferred
exact donor-label reuse,GSE99339,GSM2642429,GSE104948,GSM2810775,https://www.ncbi.nlm.nih.gov/geo/query/acc.cgi?acc=GSE99339,https://www.ncbi.nlm.nih.gov/geo/query/acc.cgi?acc=GSE104948,H7-Glom-DN941,NCBI GEO accession/sample labels for GSE99339 and GSE104948; accessed 2026-08-21,GSE99339 excluded as an independent glomerular replication source; the H7 GSE104948 stratum retained once,identity is established at the archived donor label; no additional personal identity is inferred
exact donor-label reuse,GSE99339,GSM2642430,GSE104948,GSM2810776,https://www.ncbi.nlm.nih.gov/geo/query/acc.cgi?acc=GSE99339,https://www.ncbi.nlm.nih.gov/geo/query/acc.cgi?acc=GSE104948,H7-Glom-DN947,NCBI GEO accession/sample labels for GSE99339 and GSE104948; accessed 2026-08-21,GSE99339 excluded as an independent glomerular replication source; the H7 GSE104948 stratum retained once,identity is established at the archived donor label; no additional personal identity is inferred
GEO-declared historical CDF reanalysis lineage,GSE47183,series-level relationship,GSE104948,series-level relationship,https://www.ncbi.nlm.nih.gov/geo/query/acc.cgi?acc=GSE47183,https://www.ncbi.nlm.nih.gov/geo/query/acc.cgi?acc=GSE104948,chronic kidney disease samples previously analyzed with an older CDF,GSE104948 GEO summary states that CKD samples were previously analyzed in GSE47183; accessed 2026-08-21,flagged as source-lineage reuse; not treated as independent evidence without donor-level resolution,GEO states the series relationship; this audit does not reconstruct unverified one-to-one sample mappings
GEO-declared historical CDF reanalysis lineage,GSE32591,series-level relationship,GSE104948,series-level relationship,https://www.ncbi.nlm.nih.gov/geo/query/acc.cgi?acc=GSE32591,https://www.ncbi.nlm.nih.gov/geo/query/acc.cgi?acc=GSE104948,IgA-nephropathy samples previously analyzed with an older CDF,GSE104948 GEO summary states that IgA-nephropathy samples were previously analyzed in GSE32591; accessed 2026-08-21,flagged in the source-lineage map; not part of the DKD primary replication set,GEO states the series relationship; this audit does not reconstruct unverified one-to-one sample mappings
